-- phpMyAdmin SQL Dump
-- version 4.8.3
-- https://www.phpmyadmin.net/
--
-- Host: 127.0.0.1
-- Generation Time: Nov 01, 2020 at 10:31 PM
-- Server version: 10.1.36-MariaDB
-- PHP Version: 7.2.10

SET SQL_MODE = "NO_AUTO_VALUE_ON_ZERO";
SET AUTOCOMMIT = 0;
START TRANSACTION;
SET time_zone = "+00:00";


/*!40101 SET @OLD_CHARACTER_SET_CLIENT=@@CHARACTER_SET_CLIENT */;
/*!40101 SET @OLD_CHARACTER_SET_RESULTS=@@CHARACTER_SET_RESULTS */;
/*!40101 SET @OLD_COLLATION_CONNECTION=@@COLLATION_CONNECTION */;
/*!40101 SET NAMES utf8mb4 */;

--
-- Database: `stock`
--

-- --------------------------------------------------------

--
-- Table structure for table `collecting_deals`
--

CREATE TABLE `collecting_deals` (
  `id` bigint(20) UNSIGNED NOT NULL,
  `trader_id` bigint(20) UNSIGNED NOT NULL,
  `container_id` bigint(20) UNSIGNED NOT NULL,
  `container_indebtedness_before` int(10) UNSIGNED NOT NULL,
  `container_count` int(10) UNSIGNED NOT NULL,
  `container_indebtedness_after` int(10) UNSIGNED NOT NULL,
  `money_indebtedness_before` double(8,2) UNSIGNED NOT NULL,
  `paid` double(8,2) UNSIGNED NOT NULL,
  `money_indebtedness_after` double(8,2) UNSIGNED NOT NULL,
  `created_at` timestamp NULL DEFAULT NULL,
  `updated_at` timestamp NULL DEFAULT NULL
) ENGINE=InnoDB DEFAULT CHARSET=utf8mb4 COLLATE=utf8mb4_unicode_ci;

-- --------------------------------------------------------

--
-- Table structure for table `containers`
--

CREATE TABLE `containers` (
  `id` bigint(20) UNSIGNED NOT NULL,
  `title_en` varchar(191) COLLATE utf8mb4_unicode_ci NOT NULL,
  `title_ar` varchar(191) COLLATE utf8mb4_unicode_ci NOT NULL,
  `created_at` timestamp NULL DEFAULT NULL,
  `updated_at` timestamp NULL DEFAULT NULL
) ENGINE=InnoDB DEFAULT CHARSET=utf8mb4 COLLATE=utf8mb4_unicode_ci;

--
-- Dumping data for table `containers`
--

INSERT INTO `containers` (`id`, `title_en`, `title_ar`, `created_at`, `updated_at`) VALUES
(1, 'bxes', 'عدايات', '2020-07-23 10:26:33', '2020-07-23 10:26:33'),
(2, 'praniq', 'برانيق', '2020-07-23 10:36:07', '2020-07-23 10:36:07');

-- --------------------------------------------------------

--
-- Table structure for table `container_traders`
--

CREATE TABLE `container_traders` (
  `id` bigint(20) UNSIGNED NOT NULL,
  `trader_id` bigint(20) UNSIGNED NOT NULL,
  `container_id` bigint(20) UNSIGNED NOT NULL,
  `container_indebtedness` int(10) UNSIGNED NOT NULL,
  `created_at` timestamp NULL DEFAULT NULL,
  `updated_at` timestamp NULL DEFAULT NULL
) ENGINE=InnoDB DEFAULT CHARSET=utf8mb4 COLLATE=utf8mb4_unicode_ci;

--
-- Dumping data for table `container_traders`
--

INSERT INTO `container_traders` (`id`, `trader_id`, `container_id`, `container_indebtedness`, `created_at`, `updated_at`) VALUES
(1, 1, 1, 27, '2020-09-01 21:49:15', '2020-09-14 01:58:25'),
(2, 2, 1, 61, '2020-09-01 21:55:22', '2020-09-17 19:53:05'),
(3, 3, 1, 23, '2020-09-01 21:57:14', '2020-09-18 03:20:00'),
(4, 4, 1, 12, '2020-09-01 21:58:37', '2020-09-17 19:55:12'),
(5, 5, 1, 2, '2020-09-01 22:02:57', '2020-09-17 19:55:35'),
(6, 6, 1, 0, '2020-09-01 22:04:49', '2020-09-12 02:52:14'),
(7, 7, 1, 14, '2020-09-01 22:06:02', '2020-09-14 01:53:38'),
(8, 8, 1, 16, '2020-09-01 22:07:14', '2020-09-18 03:21:16'),
(9, 9, 1, 9, '2020-09-01 22:10:46', '2020-09-17 19:56:55'),
(10, 10, 1, 11, '2020-09-01 22:13:15', '2020-09-17 19:58:05'),
(11, 11, 1, 21, '2020-09-01 22:21:51', '2020-09-18 03:21:47'),
(12, 12, 1, 0, '2020-09-01 22:23:52', '2020-09-18 03:22:15'),
(13, 13, 1, 5, '2020-09-01 22:24:42', '2020-09-17 19:59:37'),
(14, 14, 1, 8, '2020-09-01 22:25:41', '2020-09-17 20:00:00'),
(15, 15, 1, 11, '2020-09-01 22:32:07', '2020-09-17 20:01:16'),
(16, 17, 1, 4, '2020-09-02 01:49:56', '2020-09-14 01:58:12'),
(17, 18, 1, 9, '2020-09-02 01:50:47', '2020-09-17 20:02:46'),
(18, 19, 1, 2, '2020-09-02 01:51:23', '2020-09-14 01:57:59'),
(19, 20, 1, 5, '2020-09-02 01:53:51', '2020-09-14 01:59:33'),
(20, 21, 1, 0, '2020-09-02 01:55:24', '2020-09-17 20:14:42'),
(21, 22, 1, 1, '2020-09-02 01:57:13', '2020-09-17 20:13:08'),
(22, 23, 1, 1, '2020-09-02 01:58:18', '2020-09-14 01:58:57'),
(23, 24, 1, 6, '2020-09-02 02:00:49', '2020-09-14 01:53:23'),
(24, 25, 1, 5, '2020-09-02 02:03:14', '2020-09-17 20:28:22'),
(25, 27, 1, 0, '2020-09-02 02:06:18', '2020-09-17 20:27:07'),
(26, 28, 1, 26, '2020-09-02 02:07:15', '2020-09-17 19:56:19'),
(27, 29, 1, 1, '2020-09-02 02:10:55', '2020-09-14 01:59:47'),
(28, 30, 1, 18, '2020-09-02 02:18:35', '2020-09-17 20:46:30'),
(29, 31, 1, 4, '2020-09-02 02:20:48', '2020-09-18 03:26:38'),
(30, 32, 1, 0, '2020-09-02 02:22:22', '2020-09-12 03:08:27'),
(31, 34, 1, 0, '2020-09-02 02:29:58', '2020-09-17 21:20:41'),
(32, 35, 1, 0, '2020-09-02 02:39:37', '2020-09-17 21:04:19'),
(33, 36, 1, 5, '2020-09-02 02:40:34', '2020-09-14 02:42:43'),
(34, 37, 1, 3, '2020-09-04 15:36:18', '2020-09-14 04:26:08'),
(35, 38, 1, 2, '2020-09-04 15:37:14', '2020-09-14 04:26:53'),
(36, 39, 1, 1, '2020-09-04 15:38:26', '2020-09-18 18:41:30'),
(37, 40, 1, 0, '2020-09-04 15:40:12', '2020-09-14 04:14:20'),
(38, 41, 1, 0, '2020-09-04 15:43:32', '2020-09-18 18:51:26'),
(39, 43, 1, 0, '2020-09-04 15:47:01', '2020-09-18 18:46:08'),
(40, 44, 1, 0, '2020-09-04 15:48:53', '2020-09-18 18:44:52'),
(41, 45, 1, 3, '2020-09-04 15:51:05', '2020-09-18 18:50:02'),
(42, 46, 1, 5, '2020-09-04 15:52:27', '2020-09-18 18:44:17'),
(43, 47, 1, 0, '2020-09-04 15:54:56', '2020-09-14 03:11:07'),
(44, 48, 1, 5, '2020-09-04 15:56:14', '2020-09-18 19:48:46'),
(45, 49, 1, 8, '2020-09-04 15:57:40', '2020-09-18 19:49:43'),
(46, 50, 1, 1, '2020-09-04 15:58:45', '2020-09-18 19:50:25'),
(47, 51, 1, 0, '2020-09-04 16:00:32', '2020-09-18 19:54:24'),
(48, 52, 1, 3, '2020-09-04 16:01:39', '2020-09-04 16:01:39'),
(49, 53, 1, 0, '2020-09-04 16:02:29', '2020-09-18 19:54:06'),
(50, 54, 1, 3, '2020-09-04 16:03:26', '2020-09-18 19:55:35'),
(51, 55, 1, 4, '2020-09-04 16:04:34', '2020-09-14 03:11:50'),
(52, 56, 1, 3, '2020-09-04 16:05:33', '2020-09-18 19:51:28'),
(53, 57, 1, 1, '2020-09-04 16:10:56', '2020-09-04 16:10:56'),
(54, 63, 1, 1, '2020-09-04 19:09:29', '2020-09-18 19:57:53'),
(55, 64, 1, 0, '2020-09-04 19:10:17', '2020-09-12 22:34:14'),
(56, 65, 1, 0, '2020-09-04 19:11:34', '2020-09-18 19:59:15'),
(57, 66, 1, 7, '2020-09-04 19:12:33', '2020-09-18 19:57:02'),
(58, 67, 1, 2, '2020-09-04 19:13:47', '2020-09-04 19:13:47'),
(59, 68, 1, 0, '2020-09-04 19:14:24', '2020-09-18 19:58:20'),
(60, 69, 1, 8, '2020-09-04 19:15:30', '2020-09-04 19:15:30'),
(61, 70, 1, 3, '2020-09-04 19:16:18', '2020-09-14 03:04:06'),
(62, 71, 1, 0, '2020-09-04 19:17:08', '2020-09-04 19:17:08'),
(63, 72, 1, 19, '2020-09-04 19:18:07', '2020-09-18 20:04:51'),
(64, 73, 1, 4, '2020-09-04 19:19:07', '2020-09-12 23:18:59'),
(65, 74, 1, 6, '2020-09-04 19:20:08', '2020-09-14 03:05:15'),
(66, 75, 1, 0, '2020-09-04 19:22:05', '2020-09-18 22:10:02'),
(67, 76, 1, 6, '2020-09-04 19:23:08', '2020-09-18 20:03:46'),
(68, 77, 1, 1, '2020-09-04 19:23:43', '2020-09-18 22:09:38'),
(69, 78, 1, 32, '2020-09-04 19:24:22', '2020-09-18 22:11:19'),
(70, 79, 1, 1, '2020-09-04 19:24:57', '2020-09-14 03:04:18'),
(71, 80, 1, 7, '2020-09-04 19:25:30', '2020-09-18 22:13:56'),
(72, 81, 1, 7, '2020-09-04 19:26:20', '2020-09-04 19:26:20'),
(73, 82, 1, 1, '2020-09-04 19:27:08', '2020-09-18 22:14:51'),
(74, 83, 1, 3, '2020-09-04 19:27:50', '2020-09-04 19:27:50'),
(75, 84, 1, 9, '2020-09-04 19:28:55', '2020-09-18 22:20:40'),
(76, 85, 1, 2, '2020-09-04 19:29:31', '2020-09-14 04:23:44'),
(77, 86, 1, 1, '2020-09-04 19:30:33', '2020-09-04 19:30:33'),
(78, 87, 1, 3, '2020-09-04 19:31:10', '2020-09-04 19:31:10'),
(79, 88, 1, 5, '2020-09-04 19:31:45', '2020-09-04 19:31:45'),
(80, 89, 1, 4, '2020-09-04 19:32:36', '2020-09-18 22:20:11'),
(81, 90, 1, 2, '2020-09-04 19:33:49', '2020-09-14 04:24:02'),
(82, 91, 1, 5, '2020-09-04 19:34:37', '2020-09-14 02:56:45'),
(83, 92, 1, 0, '2020-09-04 19:35:29', '2020-09-14 02:57:03'),
(84, 93, 1, 0, '2020-09-04 19:36:15', '2020-09-04 19:36:15'),
(85, 94, 1, 2, '2020-09-04 19:37:18', '2020-09-04 19:37:18'),
(86, 95, 1, 1, '2020-09-04 19:38:25', '2020-09-14 02:57:19'),
(87, 96, 1, 1, '2020-09-04 19:39:05', '2020-09-14 02:57:43'),
(88, 97, 1, 2, '2020-09-04 19:45:05', '2020-09-04 19:45:05'),
(89, 98, 1, 2, '2020-09-04 19:45:49', '2020-09-04 19:45:49'),
(90, 99, 1, 0, '2020-09-04 19:46:42', '2020-09-14 04:14:51'),
(91, 100, 1, 2, '2020-09-04 19:49:03', '2020-09-14 04:15:03'),
(92, 106, 1, 3, '2020-09-04 19:57:59', '2020-09-14 04:15:14'),
(93, 107, 1, 1, '2020-09-04 19:58:41', '2020-09-04 19:58:41'),
(94, 109, 1, 1, '2020-09-04 20:02:26', '2020-09-04 20:02:26'),
(95, 110, 1, 5, '2020-09-04 20:03:12', '2020-09-14 04:16:13'),
(96, 111, 1, 1, '2020-09-04 20:03:43', '2020-09-14 04:15:48'),
(97, 112, 1, 5, '2020-09-04 20:04:33', '2020-09-04 20:04:33'),
(98, 113, 1, 8, '2020-09-04 20:07:44', '2020-09-04 20:07:44'),
(99, 114, 1, 1, '2020-09-04 20:08:34', '2020-09-04 20:08:34'),
(100, 115, 1, 1, '2020-09-04 20:09:47', '2020-09-04 20:09:47'),
(101, 116, 1, 0, '2020-09-04 20:10:53', '2020-09-14 04:18:35'),
(102, 117, 1, 10, '2020-09-04 20:11:51', '2020-09-04 20:11:51'),
(103, 118, 1, 2, '2020-09-04 20:12:40', '2020-09-14 04:18:47'),
(104, 119, 1, 1, '2020-09-04 20:13:23', '2020-09-14 04:18:58'),
(105, 120, 1, 2, '2020-09-04 20:14:12', '2020-09-14 04:19:12'),
(106, 121, 1, 0, '2020-09-04 20:15:23', '2020-09-04 20:15:23'),
(107, 122, 1, 1, '2020-09-04 20:16:01', '2020-09-04 20:16:01'),
(108, 123, 1, 4, '2020-09-04 21:37:21', '2020-09-18 18:28:40'),
(109, 124, 1, 6, '2020-09-04 21:39:16', '2020-09-18 18:27:03'),
(110, 125, 1, 0, '2020-09-04 21:40:20', '2020-09-14 04:25:34'),
(111, 126, 1, 0, '2020-09-04 21:41:29', '2020-09-18 18:40:12'),
(112, 127, 1, 2, '2020-09-04 21:49:13', '2020-09-18 18:30:30'),
(113, 131, 1, 5, '2020-09-04 21:55:58', '2020-09-18 18:33:28'),
(114, 132, 1, 1, '2020-09-04 21:57:04', '2020-09-18 18:34:37'),
(115, 133, 1, 2, '2020-09-04 21:58:01', '2020-09-04 21:58:01'),
(116, 134, 1, 3, '2020-09-04 21:59:08', '2020-09-04 22:00:36'),
(117, 135, 1, 0, '2020-09-04 22:04:29', '2020-09-18 19:38:45'),
(118, 137, 1, 7, '2020-09-04 22:07:45', '2020-09-18 19:42:35'),
(119, 139, 1, 4, '2020-09-04 22:09:37', '2020-09-18 19:43:15'),
(120, 140, 1, 0, '2020-09-04 22:10:30', '2020-09-18 19:44:05'),
(121, 141, 1, 0, '2020-09-04 22:11:07', '2020-09-18 19:47:10'),
(122, 142, 1, 6, '2020-09-04 22:12:29', '2020-09-18 19:46:35'),
(123, 143, 1, 0, '2020-09-04 22:15:25', '2020-09-18 19:44:32'),
(124, 144, 1, 0, '2020-09-04 22:17:06', '2020-09-18 19:45:21'),
(125, 145, 1, 7, '2020-09-04 22:21:48', '2020-09-04 22:21:48'),
(126, 146, 1, 3, '2020-09-04 22:23:44', '2020-09-04 22:23:44'),
(127, 147, 1, 6, '2020-09-04 22:24:13', '2020-09-13 21:20:47'),
(128, 148, 1, 1, '2020-09-04 22:25:14', '2020-09-04 22:25:14'),
(129, 149, 1, 2, '2020-09-04 22:50:07', '2020-09-04 22:50:07'),
(130, 150, 1, 1, '2020-09-04 22:51:31', '2020-09-14 04:11:32'),
(131, 151, 1, 2, '2020-09-04 22:52:19', '2020-09-18 22:24:56'),
(132, 152, 1, 0, '2020-09-04 22:53:46', '2020-09-14 04:40:06'),
(133, 153, 1, 1, '2020-09-04 22:55:00', '2020-09-18 22:25:56'),
(134, 154, 1, 0, '2020-09-04 22:55:45', '2020-09-14 04:41:48'),
(135, 155, 1, 1, '2020-09-04 22:56:28', '2020-09-04 22:56:28'),
(136, 156, 1, 0, '2020-09-04 22:57:11', '2020-09-18 22:27:36'),
(137, 157, 1, 0, '2020-09-04 22:58:02', '2020-09-14 04:43:26'),
(138, 158, 1, 2, '2020-09-04 22:59:17', '2020-09-18 22:30:15'),
(139, 159, 1, 2, '2020-09-04 23:02:34', '2020-09-04 23:02:34'),
(140, 160, 1, 1, '2020-09-04 23:12:23', '2020-09-14 04:11:50'),
(141, 161, 1, 3, '2020-09-04 23:17:40', '2020-09-18 22:31:28'),
(142, 162, 1, 2, '2020-09-04 23:18:21', '2020-09-18 22:32:43'),
(143, 163, 1, 2, '2020-09-04 23:19:28', '2020-09-18 22:33:40'),
(144, 164, 1, 0, '2020-09-04 23:21:13', '2020-09-14 04:11:18'),
(145, 165, 1, 2, '2020-09-04 23:22:04', '2020-09-14 04:48:11'),
(146, 166, 1, 0, '2020-09-04 23:22:47', '2020-09-11 17:49:30'),
(147, 167, 1, 1, '2020-09-04 23:28:40', '2020-09-04 23:28:40'),
(148, 168, 1, 2, '2020-09-04 23:30:18', '2020-09-18 22:35:10'),
(149, 169, 1, 0, '2020-09-04 23:31:00', '2020-09-18 22:44:37'),
(150, 170, 1, 8, '2020-09-04 23:31:55', '2020-09-04 23:31:55'),
(151, 171, 1, 10, '2020-09-04 23:32:53', '2020-09-18 22:47:53'),
(152, 172, 1, 0, '2020-09-04 23:33:27', '2020-09-18 22:48:32'),
(153, 173, 1, 0, '2020-09-04 23:35:07', '2020-09-18 22:49:01'),
(154, 174, 1, 1, '2020-09-04 23:36:03', '2020-09-04 23:36:03'),
(155, 175, 1, 4, '2020-09-04 23:37:13', '2020-09-18 22:51:53'),
(156, 176, 1, 5, '2020-09-04 23:38:41', '2020-09-18 22:52:43'),
(157, 177, 1, 10, '2020-09-04 23:39:33', '2020-09-04 23:39:33'),
(158, 178, 1, 2, '2020-09-04 23:40:46', '2020-09-04 23:40:46'),
(159, 179, 1, 0, '2020-09-04 23:44:12', '2020-09-14 04:16:45'),
(160, 180, 1, 14, '2020-09-04 23:45:18', '2020-09-04 23:45:18'),
(161, 181, 1, 3, '2020-09-04 23:46:19', '2020-09-04 23:46:19'),
(162, 182, 1, 8, '2020-09-04 23:47:25', '2020-09-04 23:47:25'),
(163, 183, 1, 2, '2020-09-04 23:49:10', '2020-09-14 21:04:33'),
(164, 184, 1, 2, '2020-09-04 23:49:54', '2020-09-04 23:49:54'),
(165, 185, 1, 2, '2020-09-04 23:50:20', '2020-09-14 04:24:29'),
(166, 186, 1, 4, '2020-09-04 23:51:51', '2020-09-04 23:51:51'),
(167, 187, 1, 4, '2020-09-04 23:52:31', '2020-09-04 23:52:31'),
(168, 188, 1, 11, '2020-09-04 23:53:22', '2020-09-13 21:37:07'),
(169, 189, 1, 6, '2020-09-04 23:53:54', '2020-09-04 23:53:54'),
(170, 190, 1, 3, '2020-09-04 23:54:51', '2020-09-04 23:54:51'),
(171, 194, 1, 0, '2020-09-04 23:59:47', '2020-09-18 23:34:23'),
(172, 195, 1, 1, '2020-09-05 00:00:36', '2020-09-05 00:00:36'),
(173, 196, 1, 0, '2020-09-05 00:01:04', '2020-09-05 00:01:04'),
(174, 197, 1, 5, '2020-09-05 00:02:11', '2020-09-05 00:02:11'),
(175, 198, 1, 7, '2020-09-05 00:05:06', '2020-09-05 00:05:06'),
(176, 199, 1, 3, '2020-09-05 00:05:54', '2020-09-05 00:05:54'),
(177, 200, 1, 3, '2020-09-05 00:06:42', '2020-09-05 00:06:42'),
(178, 201, 1, 6, '2020-09-05 00:07:55', '2020-09-05 00:07:55'),
(179, 202, 1, 4, '2020-09-05 00:09:06', '2020-09-05 00:09:06'),
(180, 203, 1, 6, '2020-09-05 00:14:42', '2020-09-05 00:14:42'),
(181, 204, 1, 8, '2020-09-05 00:16:25', '2020-09-05 00:16:25'),
(182, 205, 1, 9, '2020-09-05 00:17:44', '2020-09-05 00:17:44'),
(183, 206, 1, 5, '2020-09-05 00:19:50', '2020-09-14 04:17:08'),
(184, 207, 1, 0, '2020-09-05 00:21:31', '2020-09-05 13:03:46'),
(185, 208, 1, 1, '2020-09-05 00:24:42', '2020-09-05 00:24:42'),
(186, 209, 1, 1, '2020-09-05 00:25:30', '2020-09-05 00:25:30'),
(187, 210, 1, 3, '2020-09-05 00:26:56', '2020-09-14 04:17:22'),
(188, 211, 1, 1, '2020-09-05 00:27:40', '2020-09-14 04:17:35'),
(189, 213, 1, 3, '2020-09-05 00:52:40', '2020-09-14 04:28:39'),
(190, 214, 1, 4, '2020-09-05 00:53:10', '2020-09-14 04:29:00'),
(191, 215, 1, 3, '2020-09-05 00:55:30', '2020-09-14 04:28:26'),
(192, 216, 1, 1, '2020-09-05 00:56:14', '2020-09-14 04:29:18'),
(193, 217, 1, 1, '2020-09-05 00:57:59', '2020-09-14 04:22:01'),
(194, 218, 1, 1, '2020-09-05 00:58:34', '2020-09-14 04:22:12'),
(195, 220, 1, 2, '2020-09-05 01:03:54', '2020-09-05 01:03:54'),
(196, 221, 1, 2, '2020-09-05 01:05:17', '2020-09-05 01:05:17'),
(197, 222, 1, 3, '2020-09-05 01:06:59', '2020-09-14 02:58:56'),
(198, 223, 1, 14, '2020-09-05 01:07:33', '2020-09-05 01:07:33'),
(199, 224, 1, 3, '2020-09-05 01:08:37', '2020-09-05 01:08:37'),
(200, 225, 1, 4, '2020-09-05 01:12:13', '2020-09-14 12:32:27'),
(201, 226, 1, 4, '2020-09-05 01:13:39', '2020-09-14 12:25:01'),
(202, 228, 1, 5, '2020-09-05 01:15:17', '2020-09-14 12:25:22'),
(203, 229, 1, 3, '2020-09-05 01:15:58', '2020-09-14 12:25:38'),
(204, 230, 1, 5, '2020-09-05 01:17:29', '2020-09-05 01:17:29'),
(205, 231, 1, 4, '2020-09-05 01:20:44', '2020-09-05 01:20:44'),
(206, 233, 1, 6, '2020-09-05 01:26:48', '2020-09-14 04:22:50'),
(207, 234, 1, 3, '2020-09-05 01:27:20', '2020-09-14 04:22:37'),
(208, 235, 1, 0, '2020-09-05 01:31:19', '2020-09-14 11:16:32'),
(209, 236, 1, 5, '2020-09-05 01:32:04', '2020-09-14 11:16:55'),
(210, 237, 1, 2, '2020-09-05 01:32:36', '2020-09-05 01:32:36'),
(211, 238, 1, 2, '2020-09-05 01:37:00', '2020-09-14 11:13:38'),
(212, 239, 1, 2, '2020-09-05 01:38:13', '2020-09-14 11:12:52'),
(213, 240, 1, 0, '2020-09-05 01:43:16', '2020-09-05 11:14:25'),
(214, 241, 1, 4, '2020-09-05 01:47:57', '2020-09-14 04:27:56'),
(215, 242, 1, 2, '2020-09-05 01:51:33', '2020-09-14 03:02:12'),
(216, 243, 1, 6, '2020-09-05 02:20:26', '2020-09-17 19:57:15'),
(217, 244, 1, 0, '2020-09-11 12:26:16', '2020-09-17 21:17:20'),
(218, 245, 1, 0, '2020-09-11 12:26:41', '2020-09-17 21:39:25'),
(219, 246, 1, 0, '2020-09-11 12:27:22', '2020-09-18 03:31:06'),
(220, 248, 1, 6, '2020-09-11 12:28:58', '2020-09-18 03:34:16'),
(221, 249, 1, 1, '2020-09-11 12:30:50', '2020-09-14 12:33:14'),
(222, 250, 1, 0, '2020-09-11 12:34:23', '2020-09-14 12:33:30'),
(223, 251, 1, 1, '2020-09-11 12:37:17', '2020-09-17 22:03:37'),
(224, 253, 1, 0, '2020-09-11 12:39:11', '2020-09-18 03:37:58'),
(225, 254, 1, 1, '2020-09-11 12:40:19', '2020-09-17 21:25:34'),
(226, 255, 1, 0, '2020-09-11 12:41:09', '2020-09-11 12:41:09'),
(227, 256, 1, 0, '2020-09-11 12:45:44', '2020-09-17 21:13:57'),
(228, 258, 1, 0, '2020-09-11 12:48:10', '2020-09-17 21:06:13'),
(229, 259, 1, 0, '2020-09-11 12:49:10', '2020-09-17 21:05:15'),
(230, 260, 1, 1, '2020-09-11 12:51:21', '2020-09-11 12:51:21'),
(231, 261, 1, 0, '2020-09-11 12:52:29', '2020-09-17 20:26:15'),
(232, 263, 1, 0, '2020-09-11 17:36:25', '2020-09-18 20:56:13'),
(233, 264, 1, 1, '2020-09-12 02:11:16', '2020-09-12 02:11:16'),
(234, 265, 1, 1, '2020-09-12 02:11:56', '2020-09-14 01:58:41'),
(235, 266, 1, 7, '2020-09-12 02:15:53', '2020-09-17 19:54:35'),
(236, 267, 1, 1, '2020-09-12 02:19:03', '2020-09-14 01:57:40'),
(237, 268, 1, 0, '2020-09-12 02:29:30', '2020-09-18 03:22:45'),
(238, 269, 1, 2, '2020-09-12 02:30:09', '2020-09-14 02:00:24'),
(239, 270, 1, 0, '2020-09-12 02:35:31', '2020-09-17 20:27:38'),
(240, 271, 1, 5, '2020-09-12 02:36:24', '2020-09-17 22:14:27'),
(241, 273, 1, 0, '2020-09-12 02:42:47', '2020-09-12 02:42:47'),
(242, 274, 1, 1, '2020-09-12 02:43:29', '2020-09-14 01:57:01'),
(243, 278, 1, 6, '2020-09-12 02:55:58', '2020-09-12 02:55:58'),
(244, 279, 1, 1, '2020-09-12 02:58:02', '2020-09-14 02:44:21'),
(245, 280, 1, 0, '2020-09-12 02:59:05', '2020-09-17 21:20:21'),
(246, 281, 1, 0, '2020-09-12 03:01:40', '2020-09-17 20:45:02'),
(247, 283, 1, 0, '2020-09-12 03:03:16', '2020-09-14 02:43:37'),
(248, 284, 1, 0, '2020-09-12 03:04:21', '2020-09-12 03:04:21'),
(249, 285, 1, 0, '2020-09-12 03:06:15', '2020-09-17 20:57:34'),
(250, 286, 1, 0, '2020-09-12 03:07:09', '2020-09-17 21:05:51'),
(251, 287, 1, 1, '2020-09-12 03:15:05', '2020-09-12 03:15:05'),
(252, 288, 1, 0, '2020-09-12 03:15:58', '2020-09-17 21:17:04'),
(253, 289, 1, 1, '2020-09-12 03:16:31', '2020-09-12 03:16:31'),
(254, 290, 1, 1, '2020-09-12 03:17:01', '2020-09-12 03:17:01'),
(255, 292, 1, 0, '2020-09-12 03:19:08', '2020-09-18 03:33:38'),
(256, 293, 1, 3, '2020-09-12 03:19:55', '2020-09-12 03:19:55'),
(257, 295, 1, 0, '2020-09-12 03:22:09', '2020-09-14 02:46:36'),
(258, 296, 1, 0, '2020-09-12 03:22:50', '2020-09-12 03:23:29'),
(259, 297, 1, 1, '2020-09-12 03:26:36', '2020-09-12 03:26:36'),
(260, 300, 1, 1, '2020-09-12 17:36:35', '2020-09-14 12:34:02'),
(261, 301, 1, 3, '2020-09-12 17:37:13', '2020-09-17 21:32:15'),
(262, 302, 1, 1, '2020-09-12 17:38:04', '2020-09-17 21:26:58'),
(263, 304, 1, 1, '2020-09-12 17:40:06', '2020-09-17 22:03:15'),
(264, 305, 1, 0, '2020-09-12 17:41:08', '2020-09-12 17:41:08'),
(265, 308, 1, 2, '2020-09-12 17:46:17', '2020-09-17 21:49:42'),
(266, 309, 1, 3, '2020-09-12 17:47:11', '2020-09-17 21:50:36'),
(267, 310, 1, 1, '2020-09-12 17:47:57', '2020-09-17 21:57:49'),
(268, 311, 1, 0, '2020-09-12 17:48:31', '2020-09-17 21:51:00'),
(269, 312, 1, 0, '2020-09-12 17:49:30', '2020-09-17 21:54:02'),
(270, 313, 1, 1, '2020-09-12 17:50:55', '2020-09-17 21:54:43'),
(271, 314, 1, 0, '2020-09-12 17:53:49', '2020-09-17 22:00:49'),
(272, 315, 1, 0, '2020-09-12 17:55:07', '2020-09-17 22:01:08'),
(273, 316, 1, 1, '2020-09-12 17:55:50', '2020-09-17 22:00:09'),
(274, 317, 1, 0, '2020-09-12 17:56:39', '2020-09-12 17:56:39'),
(275, 318, 1, 0, '2020-09-12 17:58:16', '2020-09-17 21:36:45'),
(276, 320, 1, 2, '2020-09-12 18:00:10', '2020-09-12 18:00:10'),
(277, 321, 1, 0, '2020-09-12 18:04:56', '2020-09-12 18:04:56'),
(278, 322, 1, 3, '2020-09-12 18:17:36', '2020-09-18 18:30:06'),
(279, 323, 1, 3, '2020-09-12 21:48:05', '2020-09-18 18:40:38'),
(280, 324, 1, 5, '2020-09-12 21:51:54', '2020-09-18 18:48:39'),
(281, 325, 1, 0, '2020-09-12 21:53:49', '2020-09-18 18:50:44'),
(282, 326, 1, 5, '2020-09-12 21:54:47', '2020-09-18 18:49:19'),
(283, 327, 1, 0, '2020-09-12 21:56:16', '2020-09-18 18:50:58'),
(284, 328, 1, 0, '2020-09-12 22:22:01', '2020-09-12 22:22:01'),
(285, 329, 1, 0, '2020-09-12 22:23:18', '2020-09-18 19:54:50'),
(286, 330, 1, 2, '2020-09-12 22:38:02', '2020-09-18 19:57:20'),
(287, 331, 1, 0, '2020-09-12 22:41:58', '2020-09-14 03:09:08'),
(288, 332, 1, 30, '2020-09-12 23:20:05', '2020-09-18 20:06:52'),
(289, 333, 1, 15, '2020-09-12 23:23:49', '2020-09-18 20:09:05'),
(290, 334, 1, 0, '2020-09-13 21:24:59', '2020-09-17 21:19:39'),
(291, 335, 1, 2, '2020-09-13 21:28:45', '2020-09-13 21:29:20'),
(292, 336, 1, 5, '2020-09-13 21:30:57', '2020-09-14 03:03:24'),
(293, 337, 1, 2, '2020-09-13 21:33:40', '2020-09-13 21:34:32'),
(294, 338, 1, 1, '2020-09-13 21:38:04', '2020-09-13 21:39:43'),
(295, 339, 1, 2, '2020-09-13 21:38:43', '2020-09-13 21:40:17'),
(296, 341, 1, 38, '2020-09-13 21:54:57', '2020-10-13 22:19:53'),
(297, 342, 1, 5, '2020-09-13 22:00:11', '2020-09-13 22:00:51'),
(298, 343, 1, 0, '2020-09-13 22:02:02', '2020-09-18 03:29:15'),
(299, 344, 1, 2, '2020-09-13 22:03:54', '2020-09-18 03:32:28'),
(300, 345, 1, 0, '2020-09-13 22:05:20', '2020-09-17 20:29:51'),
(301, 346, 1, 1, '2020-09-13 22:10:41', '2020-09-13 22:12:44'),
(302, 347, 1, 15, '2020-09-13 22:11:39', '2020-09-13 22:13:36'),
(303, 348, 1, 0, '2020-09-14 01:25:45', '2020-09-18 03:33:01'),
(304, 349, 1, 0, '2020-09-14 01:28:26', '2020-09-17 21:04:02'),
(305, 350, 1, 9, '2020-09-14 01:31:31', '2020-09-14 01:38:07'),
(306, 351, 1, 0, '2020-09-14 01:44:13', '2020-09-17 21:04:59'),
(307, 352, 1, 0, '2020-09-14 04:49:45', '2020-09-14 04:50:16'),
(308, 353, 1, 0, '2020-09-14 12:19:31', '2020-09-14 12:19:31'),
(309, 354, 1, 0, '2020-09-14 12:27:16', '2020-09-14 12:27:16'),
(310, 355, 1, 0, '2020-09-14 12:41:42', '2020-09-14 12:41:42'),
(311, 356, 1, 27, '2020-09-14 20:42:34', '2020-09-14 20:57:56'),
(312, 357, 1, 0, '2020-09-14 20:43:23', '2020-09-14 20:43:23'),
(313, 358, 1, 0, '2020-09-14 20:44:59', '2020-09-14 20:44:59'),
(314, 359, 1, 1, '2020-09-14 20:45:42', '2020-09-17 19:51:05'),
(315, 360, 1, 0, '2020-09-14 20:46:37', '2020-09-18 03:39:24'),
(316, 361, 1, 0, '2020-09-14 20:47:02', '2020-09-14 20:47:02'),
(317, 362, 1, 0, '2020-09-14 20:47:43', '2020-09-14 20:47:43'),
(318, 363, 1, 0, '2020-09-14 20:48:24', '2020-09-18 22:45:33'),
(319, 364, 1, 0, '2020-09-14 20:50:29', '2020-09-18 18:45:17'),
(320, 365, 1, 0, '2020-09-14 20:51:56', '2020-09-14 20:51:56'),
(321, 366, 1, 0, '2020-09-14 20:53:32', '2020-09-14 20:53:32'),
(322, 367, 1, 0, '2020-09-14 20:54:20', '2020-09-14 20:54:20'),
(323, 368, 1, 0, '2020-09-14 20:55:55', '2020-09-18 03:37:36'),
(324, 370, 1, 0, '2020-09-17 20:47:48', '2020-09-17 21:06:34'),
(325, 371, 1, 14, '2020-09-17 20:51:19', '2020-09-18 03:25:53'),
(326, 372, 1, 0, '2020-09-17 20:52:25', '2020-09-18 03:28:00'),
(327, 373, 1, 4, '2020-09-17 20:56:00', '2020-09-18 03:28:45'),
(328, 374, 1, 0, '2020-09-17 20:59:16', '2020-09-18 03:30:02'),
(329, 375, 1, 1, '2020-09-17 21:00:15', '2020-09-17 21:00:15'),
(330, 376, 1, 0, '2020-09-17 21:02:23', '2020-09-18 03:30:30'),
(331, 377, 1, 1, '2020-09-17 21:09:08', '2020-09-17 21:09:08'),
(332, 378, 1, 0, '2020-09-17 21:11:52', '2020-09-18 03:31:34'),
(333, 379, 1, 0, '2020-09-17 21:12:30', '2020-09-18 03:32:02'),
(334, 380, 1, 5, '2020-09-17 21:28:36', '2020-09-17 21:29:37'),
(335, 381, 1, 1, '2020-09-17 21:30:27', '2020-09-18 03:34:52'),
(336, 382, 1, 0, '2020-09-17 21:33:50', '2020-09-17 21:33:50'),
(337, 383, 1, 3, '2020-09-17 21:35:36', '2020-09-17 21:35:36'),
(338, 384, 1, 4, '2020-09-17 21:48:59', '2020-09-17 21:48:59'),
(339, 385, 1, 2, '2020-09-17 21:56:10', '2020-09-17 21:56:10'),
(340, 386, 1, 1, '2020-09-17 21:59:35', '2020-09-17 21:59:35'),
(341, 387, 1, 0, '2020-09-17 22:05:35', '2020-09-17 22:05:35'),
(342, 388, 1, 0, '2020-09-17 22:06:11', '2020-09-18 03:37:06'),
(343, 389, 1, 5, '2020-09-17 22:07:33', '2020-09-17 22:07:33'),
(344, 390, 1, 0, '2020-09-18 03:24:03', '2020-09-18 03:24:35'),
(345, 391, 1, 2, '2020-09-18 18:31:19', '2020-09-18 18:31:19'),
(346, 392, 1, 3, '2020-09-18 18:32:18', '2020-09-18 18:32:18'),
(347, 393, 1, 4, '2020-09-18 18:36:12', '2020-09-18 18:36:12'),
(348, 395, 1, 0, '2020-09-18 18:47:26', '2020-09-18 18:47:26'),
(349, 396, 1, 3, '2020-09-18 19:36:45', '2020-09-18 19:36:45'),
(350, 397, 1, 9, '2020-09-18 19:40:24', '2020-09-18 19:40:24'),
(351, 398, 1, 2, '2020-09-18 19:52:44', '2020-09-18 19:52:44'),
(352, 399, 1, 0, '2020-09-18 20:00:08', '2020-09-18 20:00:08'),
(353, 400, 1, 1, '2020-09-18 22:12:27', '2020-09-18 22:12:27'),
(354, 401, 1, 36, '2020-09-18 22:16:58', '2020-09-18 22:16:58'),
(355, 402, 1, 1, '2020-09-18 22:18:55', '2020-09-18 22:18:55'),
(356, 403, 1, 3, '2020-09-18 22:22:15', '2020-09-18 22:22:15'),
(357, 404, 1, 3, '2020-09-18 22:36:57', '2020-09-18 22:36:57'),
(358, 405, 1, 1, '2020-09-18 22:47:10', '2020-09-18 22:47:10'),
(359, 406, 1, 1, '2020-09-18 22:56:38', '2020-09-18 22:56:38');

-- --------------------------------------------------------

--
-- Table structure for table `contents`
--

CREATE TABLE `contents` (
  `id` bigint(20) UNSIGNED NOT NULL,
  `title_en` varchar(191) COLLATE utf8mb4_unicode_ci NOT NULL,
  `title_ar` varchar(191) COLLATE utf8mb4_unicode_ci NOT NULL,
  `created_at` timestamp NULL DEFAULT NULL,
  `updated_at` timestamp NULL DEFAULT NULL
) ENGINE=InnoDB DEFAULT CHARSET=utf8mb4 COLLATE=utf8mb4_unicode_ci;

--
-- Dumping data for table `contents`
--

INSERT INTO `contents` (`id`, `title_en`, `title_ar`, `created_at`, `updated_at`) VALUES
(1, 'apple', 'تفاح', '2020-07-23 10:26:33', '2020-07-23 10:26:33'),
(2, 'orange', 'برتقال', '2020-07-23 10:36:07', '2020-07-23 10:36:07');

-- --------------------------------------------------------

--
-- Table structure for table `failed_jobs`
--

CREATE TABLE `failed_jobs` (
  `id` bigint(20) UNSIGNED NOT NULL,
  `connection` text COLLATE utf8mb4_unicode_ci NOT NULL,
  `queue` text COLLATE utf8mb4_unicode_ci NOT NULL,
  `payload` longtext COLLATE utf8mb4_unicode_ci NOT NULL,
  `exception` longtext COLLATE utf8mb4_unicode_ci NOT NULL,
  `failed_at` timestamp NOT NULL DEFAULT CURRENT_TIMESTAMP
) ENGINE=InnoDB DEFAULT CHARSET=utf8mb4 COLLATE=utf8mb4_unicode_ci;

-- --------------------------------------------------------

--
-- Table structure for table `migrations`
--

CREATE TABLE `migrations` (
  `id` int(10) UNSIGNED NOT NULL,
  `migration` varchar(191) COLLATE utf8mb4_unicode_ci NOT NULL,
  `batch` int(11) NOT NULL
) ENGINE=InnoDB DEFAULT CHARSET=utf8mb4 COLLATE=utf8mb4_unicode_ci;

--
-- Dumping data for table `migrations`
--

INSERT INTO `migrations` (`id`, `migration`, `batch`) VALUES
(162, '2014_10_12_000000_create_users_table', 1),
(163, '2014_10_12_100000_create_password_resets_table', 1),
(164, '2016_06_01_000001_create_oauth_auth_codes_table', 1),
(165, '2016_06_01_000002_create_oauth_access_tokens_table', 1),
(166, '2016_06_01_000003_create_oauth_refresh_tokens_table', 1),
(167, '2016_06_01_000004_create_oauth_clients_table', 1),
(168, '2016_06_01_000005_create_oauth_personal_access_clients_table', 1),
(169, '2019_08_19_000000_create_failed_jobs_table', 1),
(170, '2020_07_21_222635_create_containers_table', 1),
(171, '2020_07_21_222753_create_contents_table', 1),
(172, '2020_07_22_154030_create_regions_table', 1),
(173, '2020_07_22_154046_create_subregions_table', 1),
(174, '2020_07_22_154103_create_traders_table', 1),
(175, '2020_07_22_154104_create_container_traders_table', 1),
(176, '2020_07_22_154121_create_selling_deals_table', 1),
(177, '2020_07_22_154134_create_purchasing_deals_table', 1),
(178, '2020_08_23_104106_create_collecting_deals_table', 1);

-- --------------------------------------------------------

--
-- Table structure for table `oauth_access_tokens`
--

CREATE TABLE `oauth_access_tokens` (
  `id` varchar(100) COLLATE utf8mb4_unicode_ci NOT NULL,
  `user_id` bigint(20) UNSIGNED DEFAULT NULL,
  `client_id` bigint(20) UNSIGNED NOT NULL,
  `name` varchar(191) COLLATE utf8mb4_unicode_ci DEFAULT NULL,
  `scopes` text COLLATE utf8mb4_unicode_ci,
  `revoked` tinyint(1) NOT NULL,
  `created_at` timestamp NULL DEFAULT NULL,
  `updated_at` timestamp NULL DEFAULT NULL,
  `expires_at` datetime DEFAULT NULL
) ENGINE=InnoDB DEFAULT CHARSET=utf8mb4 COLLATE=utf8mb4_unicode_ci;

--
-- Dumping data for table `oauth_access_tokens`
--

INSERT INTO `oauth_access_tokens` (`id`, `user_id`, `client_id`, `name`, `scopes`, `revoked`, `created_at`, `updated_at`, `expires_at`) VALUES
('05de249074c7e6d3e40797a0929a12d371d117ab91fd318675a07064decfc92e00771dda0535d36f', 2, 3, 'authToken', '[]', 0, '2020-08-30 03:37:06', '2020-08-30 03:37:06', '2021-08-29 22:37:06'),
('0cd8592b91389b0546191adc29de5b7e36d108a7929e621fdf305c582a190f60e9252ad2d7610598', 1, 3, 'authToken', '[]', 0, '2020-09-12 23:38:17', '2020-09-12 23:38:17', '2021-09-12 18:38:17'),
('138c34331980476b888b329a94a61fb53f08e2848e9be16b619a5bbf75b152479be909512c576dcf', 1, 1, 'authToken', '[]', 0, '2020-08-10 03:33:29', '2020-08-10 03:33:29', '2021-08-10 09:33:29'),
('167db19a8ccb203c221b53a01399b5363db0fdbbcd082b427bc3c27d48713f2d430c2ec912870f8a', 2, 3, 'authToken', '[]', 0, '2020-08-30 03:40:38', '2020-08-30 03:40:38', '2021-08-29 22:40:38'),
('18a62e8c2ae04daa4f2db763975db2daf8a172822e57c626727b188f6b3d56db5e255e386db6403e', 1, 3, 'authToken', '[]', 0, '2020-09-02 17:54:05', '2020-09-02 17:54:05', '2021-09-02 12:54:05'),
('1afb6ffbce9beaf63645553053e3c7c8761d0726a2e777a19973f494e01d1e61df5d6984c4027d7b', 1, 5, 'authToken', '[]', 0, '2020-11-01 21:07:41', '2020-11-01 21:07:41', '2021-11-01 23:07:41'),
('1ca9b84afe155f96a0a322970aba1b8528642becc82ec6db4954f5ec4d11a990e876fcf395cb2ce0', 3, 3, 'authToken', '[]', 0, '2020-08-30 03:41:30', '2020-08-30 03:41:30', '2021-08-29 22:41:30'),
('1f39b48ab53b31bebeb68649e16b20ecf06a95dd850c31dbcaabf122058101e8204e4ece40149df1', 1, 1, 'authToken', '[]', 0, '2020-07-23 08:23:42', '2020-07-23 08:23:42', '2021-07-23 14:23:42'),
('233ca350b805e169db8e172c0a7754bb68fc07c5f5f67ee3bea3c6797de30e6efcb49d8a9b160af6', 3, 3, 'authToken', '[]', 0, '2020-09-11 18:48:23', '2020-09-11 18:48:23', '2021-09-11 13:48:23'),
('2681e3ff8991746234ce9259a44c8db017df6a47ff32fd7bd7363db4bfec4e42b64b1127f2cb2196', 2, 3, 'authToken', '[]', 0, '2020-08-31 10:22:33', '2020-08-31 10:22:33', '2021-08-31 05:22:33'),
('39c4ae423e34c7dadaee75bf9895394f2c41aabb886af93e0711a5cfa0768e5da39429244b2f4a31', 1, 3, 'authToken', '[]', 0, '2020-09-11 22:15:22', '2020-09-11 22:15:22', '2021-09-11 17:15:22'),
('3a742a7fe883dfbb32f93d227e3ed51673cee2b9fc300e780c65387d30042f1b88c05450a88735c2', 1, 3, 'authToken', '[]', 0, '2020-09-12 23:31:08', '2020-09-12 23:31:08', '2021-09-12 18:31:08'),
('405e36faf04ce635085e2629b6f57ced65ac8ffae1ed66005f2ae885bf7c2018c24f0541a6624557', 1, 3, 'authToken', '[]', 0, '2020-09-02 16:08:04', '2020-09-02 16:08:04', '2021-09-02 11:08:04'),
('4299af399ab635967e4e6904116936dcefab67918af7c2039a6d8dda2aef105b3cf51ea6382ef3ef', 1, 3, 'authToken', '[]', 0, '2020-09-02 18:08:22', '2020-09-02 18:08:22', '2021-09-02 13:08:22'),
('5180c06bfddf08714d006493834ef1dfeb5d974493cc0f5b54f674028b7378d5842d18d03f166fac', 2, 3, 'authToken', '[]', 0, '2020-08-30 03:41:16', '2020-08-30 03:41:16', '2021-08-29 22:41:16'),
('520e49bb485872addc06187256fed146044a67372a90e4ad945e98c47fa76b4e8b072d4fbaad00ca', 1, 1, 'authToken', '[]', 0, '2020-07-22 12:21:11', '2020-07-22 12:21:11', '2021-07-22 18:21:11'),
('532ed3c000ccaf383c4334790592209e5cab27d5129b469236e393cfff1562b5494fa2cf961e7bfa', 1, 3, 'authToken', '[]', 0, '2020-09-11 21:51:02', '2020-09-11 21:51:02', '2021-09-11 16:51:02'),
('6671a186e7cf261dad29ca2d7eaabcc75e30568fe868e8a1e6790677aee8fedbf39169a5e2be87c5', 1, 3, 'authToken', '[]', 0, '2020-08-23 12:49:49', '2020-08-23 12:49:49', '2021-08-23 16:49:49'),
('82f9db991441d7766946d3da82749c6671278d57dbfe9dae36ea32a2c71d78695fc543e2ea5aa7dc', 1, 3, 'authToken', '[]', 0, '2020-09-01 16:57:22', '2020-09-01 16:57:22', '2021-09-01 11:57:22'),
('98ad0fc49ef70cb5e98bd132687dcf20fdc7f876c39cf9bc71b3947c025284785896bbe685bb5a23', 1, 3, 'authToken', '[]', 0, '2020-09-30 21:54:02', '2020-09-30 21:54:02', '2021-09-30 16:54:02'),
('99dbf472b84925ee249003d32ad6d5c096a3bcad89c1a60b390861fb09710695c3cccc53081c9be9', 2, 3, 'authToken', '[]', 0, '2020-09-01 20:37:42', '2020-09-01 20:37:42', '2021-09-01 15:37:42'),
('a03acb625e26dfef9dde28d821dc49615c9f4cbd00e837b9b0ac2a8dfc32d0084291092f76d56a77', 2, 3, 'authToken', '[]', 0, '2020-08-29 15:56:14', '2020-08-29 15:56:14', '2021-08-29 10:56:14'),
('a2a5ddf3c9ce5f02fa40c12aa500409d9437e9e9b8d5ae9d4babf9baddde4c7a92f82cce40209d46', 1, 1, 'authToken', '[]', 0, '2020-07-22 12:21:28', '2020-07-22 12:21:28', '2021-07-22 18:21:28'),
('a5cda9ab0a8221ac0ea865af0d0a68e22ff8488c2b0a8dd70fb1013a88fc3305693a14c712c22e3f', 2, 3, 'authToken', '[]', 0, '2020-09-01 20:42:58', '2020-09-01 20:42:58', '2021-09-01 15:42:58'),
('a636483a0811186e1fb8525374c8b8ef081409afd5c9b67d699258cb30bf7984effeebd5b66fc9eb', 2, 3, 'authToken', '[]', 0, '2020-08-31 09:19:00', '2020-08-31 09:19:00', '2021-08-31 04:19:00'),
('c10852a25f07c7b537b5f2bf59ede6fdac9f657bb63c52274773f57b5b8e2aaaeef432fc6dba8f77', 2, 3, 'authToken', '[]', 0, '2020-08-24 03:56:38', '2020-08-24 03:56:38', '2021-08-23 22:56:38'),
('c5a29c6fd2daf33fe607bfb1230cd4442360e3da0c0bab406216091f6a55441edabb710e6f132464', 2, 3, 'authToken', '[]', 0, '2020-09-01 06:26:29', '2020-09-01 06:26:29', '2021-09-01 01:26:29'),
('cb5c0c013c6c817c1d32d9d5e44258e0c4898ef4c25c68f2ee246d7ea4b339101b49f3910a98c8da', 2, 3, 'authToken', '[]', 0, '2020-08-30 08:25:51', '2020-08-30 08:25:51', '2021-08-30 03:25:51'),
('ccb0e19b66f7ab14d55b832941b2cb1e6180ed68786c12b857b4c3a4f774035edc04ef87f7fc86a7', 1, 3, 'authToken', '[]', 0, '2020-09-30 21:54:37', '2020-09-30 21:54:37', '2021-09-30 16:54:37'),
('d6900ecb8c37a864964de83ee84efd617aaa15d6022aa35dcf7d3d8d663711dd4278f0d52e699b8b', 1, 3, 'authToken', '[]', 0, '2020-09-29 22:55:52', '2020-09-29 22:55:52', '2021-09-29 17:55:52'),
('da9ec28e4f120497e9acff28543b35ab35415b134f0fa108a957f2d451cb256e1daaf25216fef81f', 2, 3, 'authToken', '[]', 0, '2020-08-29 05:18:59', '2020-08-29 05:18:59', '2021-08-29 00:18:59'),
('de7142998dc9d940ba6aa96cd6ce48eae039dae044f967ac2eb502c14869c015bd3b5a6313498287', 1, 3, 'authToken', '[]', 0, '2020-09-01 20:01:34', '2020-09-01 20:01:34', '2021-09-01 15:01:34'),
('dfcc0067b97434a86bcf66413777de5a6944c22173befbaebde3f83c3bb95fcd1df32ebe8afed335', 2, 3, 'authToken', '[]', 0, '2020-08-30 03:51:05', '2020-08-30 03:51:05', '2021-08-29 22:51:05'),
('e97db92ce2920718cee3b8ced87a6ccd9ef9b40a7599889040ea12305edc79dd77496e8952204d36', 1, 3, 'authToken', '[]', 0, '2020-09-01 16:40:12', '2020-09-01 16:40:12', '2021-09-01 11:40:12'),
('ff98c2fc0c7055a36c1561bce5fee2375a0baa5ac47ef1ab55bf47573d12ca34c1542c8769f6146f', 1, 1, 'authToken', '[]', 0, '2020-07-22 12:13:02', '2020-07-22 12:13:02', '2021-07-22 18:13:02');

-- --------------------------------------------------------

--
-- Table structure for table `oauth_auth_codes`
--

CREATE TABLE `oauth_auth_codes` (
  `id` varchar(100) COLLATE utf8mb4_unicode_ci NOT NULL,
  `user_id` bigint(20) UNSIGNED NOT NULL,
  `client_id` bigint(20) UNSIGNED NOT NULL,
  `scopes` text COLLATE utf8mb4_unicode_ci,
  `revoked` tinyint(1) NOT NULL,
  `expires_at` datetime DEFAULT NULL
) ENGINE=InnoDB DEFAULT CHARSET=utf8mb4 COLLATE=utf8mb4_unicode_ci;

-- --------------------------------------------------------

--
-- Table structure for table `oauth_clients`
--

CREATE TABLE `oauth_clients` (
  `id` bigint(20) UNSIGNED NOT NULL,
  `user_id` bigint(20) UNSIGNED DEFAULT NULL,
  `name` varchar(191) COLLATE utf8mb4_unicode_ci NOT NULL,
  `secret` varchar(100) COLLATE utf8mb4_unicode_ci DEFAULT NULL,
  `provider` varchar(191) COLLATE utf8mb4_unicode_ci DEFAULT NULL,
  `redirect` text COLLATE utf8mb4_unicode_ci NOT NULL,
  `personal_access_client` tinyint(1) NOT NULL,
  `password_client` tinyint(1) NOT NULL,
  `revoked` tinyint(1) NOT NULL,
  `created_at` timestamp NULL DEFAULT NULL,
  `updated_at` timestamp NULL DEFAULT NULL
) ENGINE=InnoDB DEFAULT CHARSET=utf8mb4 COLLATE=utf8mb4_unicode_ci;

--
-- Dumping data for table `oauth_clients`
--

INSERT INTO `oauth_clients` (`id`, `user_id`, `name`, `secret`, `provider`, `redirect`, `personal_access_client`, `password_client`, `revoked`, `created_at`, `updated_at`) VALUES
(1, NULL, 'Laravel Personal Access Client', 'uSJNeZgpQxC1Pgh0HNtgmmXYWP1HgAcPt64vhgAe', NULL, 'http://localhost', 1, 0, 0, '2020-07-22 12:12:48', '2020-07-22 12:12:48'),
(2, NULL, 'Laravel Password Grant Client', 'YbPrtWaEAONuDg6wx6hN2bzfWTkachx16Gos0HgL', 'users', 'http://localhost', 0, 1, 0, '2020-07-22 12:12:48', '2020-07-22 12:12:48'),
(3, NULL, 'Laravel Personal Access Client', 'UFJfxnXTaIGxjM5r0EAHvH2R3OsaEhgzn3KMvxQ7', NULL, 'http://localhost', 1, 0, 0, '2020-08-23 11:49:37', '2020-08-23 11:49:37'),
(4, NULL, 'Laravel Password Grant Client', 'Pb4Fzd34LCdHlVOk3x49fHlSBcZw7p5vFclkGB91', 'users', 'http://localhost', 0, 1, 0, '2020-08-23 11:49:37', '2020-08-23 11:49:37'),
(5, NULL, 'Laravel Personal Access Client', '7eVeuRBmX8avhGWvkXPTutrtyZDaJNJTN4ytEuxp', NULL, 'http://localhost', 1, 0, 0, '2020-11-01 20:57:45', '2020-11-01 20:57:45'),
(6, NULL, 'Laravel Password Grant Client', 'e51sMg4psDJ3sAOU7kMl5rHqBeo3GcJlBd9GI4M0', 'users', 'http://localhost', 0, 1, 0, '2020-11-01 20:57:45', '2020-11-01 20:57:45');

-- --------------------------------------------------------

--
-- Table structure for table `oauth_personal_access_clients`
--

CREATE TABLE `oauth_personal_access_clients` (
  `id` bigint(20) UNSIGNED NOT NULL,
  `client_id` bigint(20) UNSIGNED NOT NULL,
  `created_at` timestamp NULL DEFAULT NULL,
  `updated_at` timestamp NULL DEFAULT NULL
) ENGINE=InnoDB DEFAULT CHARSET=utf8mb4 COLLATE=utf8mb4_unicode_ci;

--
-- Dumping data for table `oauth_personal_access_clients`
--

INSERT INTO `oauth_personal_access_clients` (`id`, `client_id`, `created_at`, `updated_at`) VALUES
(1, 1, '2020-07-22 12:12:48', '2020-07-22 12:12:48'),
(2, 3, '2020-08-23 11:49:37', '2020-08-23 11:49:37'),
(3, 5, '2020-11-01 20:57:45', '2020-11-01 20:57:45');

-- --------------------------------------------------------

--
-- Table structure for table `oauth_refresh_tokens`
--

CREATE TABLE `oauth_refresh_tokens` (
  `id` varchar(100) COLLATE utf8mb4_unicode_ci NOT NULL,
  `access_token_id` varchar(100) COLLATE utf8mb4_unicode_ci NOT NULL,
  `revoked` tinyint(1) NOT NULL,
  `expires_at` datetime DEFAULT NULL
) ENGINE=InnoDB DEFAULT CHARSET=utf8mb4 COLLATE=utf8mb4_unicode_ci;

-- --------------------------------------------------------

--
-- Table structure for table `password_resets`
--

CREATE TABLE `password_resets` (
  `email` varchar(191) COLLATE utf8mb4_unicode_ci NOT NULL,
  `token` varchar(191) COLLATE utf8mb4_unicode_ci NOT NULL,
  `created_at` timestamp NULL DEFAULT NULL
) ENGINE=InnoDB DEFAULT CHARSET=utf8mb4 COLLATE=utf8mb4_unicode_ci;

-- --------------------------------------------------------

--
-- Table structure for table `purchasing_deals`
--

CREATE TABLE `purchasing_deals` (
  `id` bigint(20) UNSIGNED NOT NULL,
  `seller_name` varchar(191) COLLATE utf8mb4_unicode_ci NOT NULL,
  `container_id` bigint(20) UNSIGNED NOT NULL,
  `content_id` bigint(20) UNSIGNED NOT NULL,
  `total_containers` int(10) UNSIGNED NOT NULL,
  `remaining_containers` int(10) UNSIGNED NOT NULL,
  `created_at` timestamp NULL DEFAULT NULL,
  `updated_at` timestamp NULL DEFAULT NULL
) ENGINE=InnoDB DEFAULT CHARSET=utf8mb4 COLLATE=utf8mb4_unicode_ci;

--
-- Dumping data for table `purchasing_deals`
--

INSERT INTO `purchasing_deals` (`id`, `seller_name`, `container_id`, `content_id`, `total_containers`, `remaining_containers`, `created_at`, `updated_at`) VALUES
(1, 'محمد عبد العاطي', 1, 1, 263, 0, '2020-09-13 21:05:50', '2020-09-14 01:44:51'),
(2, 'المعلم رمضان', 1, 1, 269, 0, '2020-09-14 17:18:22', '2020-09-17 19:45:22'),
(3, 'ق', 1, 1, 30, 0, '2020-09-23 22:57:04', '2020-10-13 22:19:53');

-- --------------------------------------------------------

--
-- Table structure for table `regions`
--

CREATE TABLE `regions` (
  `id` bigint(20) UNSIGNED NOT NULL,
  `title_en` varchar(191) COLLATE utf8mb4_unicode_ci NOT NULL,
  `title_ar` varchar(191) COLLATE utf8mb4_unicode_ci NOT NULL,
  `created_at` timestamp NULL DEFAULT NULL,
  `updated_at` timestamp NULL DEFAULT NULL
) ENGINE=InnoDB DEFAULT CHARSET=utf8mb4 COLLATE=utf8mb4_unicode_ci;

--
-- Dumping data for table `regions`
--

INSERT INTO `regions` (`id`, `title_en`, `title_ar`, `created_at`, `updated_at`) VALUES
(1, 'alariaf', 'الارياف', '2020-07-23 08:26:33', '2020-07-23 08:26:33'),
(2, 'bander', 'البندر', '2020-07-23 08:36:07', '2020-07-23 08:36:07');

-- --------------------------------------------------------

--
-- Table structure for table `selling_deals`
--

CREATE TABLE `selling_deals` (
  `id` bigint(20) UNSIGNED NOT NULL,
  `trader_id` bigint(20) UNSIGNED NOT NULL,
  `container_id` bigint(20) UNSIGNED NOT NULL,
  `content_id` bigint(20) UNSIGNED NOT NULL,
  `container_count` int(10) UNSIGNED DEFAULT NULL,
  `container_price` double(8,2) UNSIGNED DEFAULT NULL,
  `container_kilos` double(8,2) UNSIGNED DEFAULT NULL,
  `kilo_price` double(8,2) UNSIGNED DEFAULT NULL,
  `total_containers_price` double(8,2) UNSIGNED NOT NULL,
  `total_paid` double(8,2) UNSIGNED NOT NULL,
  `total_unpaid` double(8,2) UNSIGNED NOT NULL,
  `bets` double(8,2) UNSIGNED NOT NULL,
  `created_at` timestamp NULL DEFAULT NULL,
  `updated_at` timestamp NULL DEFAULT NULL
) ENGINE=InnoDB DEFAULT CHARSET=utf8mb4 COLLATE=utf8mb4_unicode_ci;

--
-- Dumping data for table `selling_deals`
--

INSERT INTO `selling_deals` (`id`, `trader_id`, `container_id`, `content_id`, `container_count`, `container_price`, `container_kilos`, `kilo_price`, `total_containers_price`, `total_paid`, `total_unpaid`, `bets`, `created_at`, `updated_at`) VALUES
(1, 11, 1, 1, 35, 30.00, NULL, NULL, 1050.00, 0.00, 1050.00, 0.00, '2020-09-13 21:06:22', '2020-09-13 21:06:22'),
(2, 266, 1, 1, 8, 30.00, NULL, NULL, 240.00, 0.00, 240.00, 0.00, '2020-09-13 21:08:45', '2020-09-13 21:08:45'),
(3, 24, 1, 1, 3, 30.00, NULL, NULL, 90.00, 0.00, 90.00, 0.00, '2020-09-13 21:17:24', '2020-09-13 21:17:24'),
(4, 25, 1, 1, 3, 30.00, NULL, NULL, 90.00, 0.00, 90.00, 0.00, '2020-09-13 21:18:07', '2020-09-13 21:18:07'),
(5, 2, 1, 1, 10, 30.00, NULL, NULL, 300.00, 0.00, 300.00, 0.00, '2020-09-13 21:19:17', '2020-09-13 21:19:17'),
(6, 15, 1, 1, 2, 35.00, NULL, NULL, 70.00, 0.00, 70.00, 0.00, '2020-09-13 21:19:45', '2020-09-13 21:19:45'),
(7, 271, 1, 1, 5, 30.00, NULL, NULL, 150.00, 0.00, 150.00, 0.00, '2020-09-13 21:20:15', '2020-09-13 21:20:15'),
(8, 147, 1, 1, 3, 30.00, NULL, NULL, 90.00, 0.00, 90.00, 0.00, '2020-09-13 21:20:47', '2020-09-13 21:20:47'),
(9, 9, 1, 1, 10, 30.00, NULL, NULL, 300.00, 0.00, 300.00, 0.00, '2020-09-13 21:21:28', '2020-09-13 21:21:28'),
(11, 34, 1, 1, 10, 30.00, NULL, NULL, 300.00, 0.00, 300.00, 0.00, '2020-09-13 21:22:55', '2020-09-13 21:22:55'),
(12, 19, 1, 1, 1, 35.00, NULL, NULL, 35.00, 0.00, 35.00, 0.00, '2020-09-13 21:23:53', '2020-09-13 21:23:53'),
(13, 334, 1, 1, 17, 30.00, NULL, NULL, 510.00, 0.00, 510.00, 0.00, '2020-09-13 21:25:42', '2020-09-13 21:25:42'),
(14, 254, 1, 1, 5, 35.00, NULL, NULL, 175.00, 0.00, 175.00, 0.00, '2020-09-13 21:27:06', '2020-09-13 21:27:06'),
(15, 335, 1, 1, 2, 30.00, NULL, NULL, 60.00, 60.00, 0.00, 0.00, '2020-09-13 21:29:20', '2020-09-13 21:29:20'),
(16, 336, 1, 1, 5, 30.00, NULL, NULL, 150.00, 0.00, 150.00, 0.00, '2020-09-13 21:31:49', '2020-09-13 21:31:49'),
(17, 18, 1, 1, 1, 30.00, NULL, NULL, 30.00, 0.00, 30.00, 0.00, '2020-09-13 21:32:49', '2020-09-13 21:32:49'),
(18, 337, 1, 1, 2, 30.00, NULL, NULL, 60.00, 60.00, 0.00, 0.00, '2020-09-13 21:34:32', '2020-09-13 21:34:32'),
(19, 36, 1, 1, 5, 30.00, NULL, NULL, 150.00, 0.00, 150.00, 0.00, '2020-09-13 21:35:07', '2020-09-13 21:35:07'),
(20, 285, 1, 1, 7, 30.00, NULL, NULL, 210.00, 0.00, 210.00, 0.00, '2020-09-13 21:36:14', '2020-09-13 21:36:14'),
(21, 188, 1, 1, 2, 30.00, NULL, NULL, 60.00, 0.00, 60.00, 0.00, '2020-09-13 21:37:07', '2020-09-13 21:37:07'),
(22, 338, 1, 1, 1, 30.00, NULL, NULL, 30.00, 30.00, 0.00, 0.00, '2020-09-13 21:39:43', '2020-09-13 21:39:43'),
(23, 339, 1, 1, 2, 30.00, NULL, NULL, 60.00, 60.00, 0.00, 0.00, '2020-09-13 21:40:17', '2020-09-13 21:40:17'),
(24, 30, 1, 1, 9, 30.00, NULL, NULL, 270.00, 0.00, 270.00, 0.00, '2020-09-13 21:41:16', '2020-09-13 21:41:16'),
(25, 281, 1, 1, 11, 30.00, NULL, NULL, 330.00, 0.00, 330.00, 0.00, '2020-09-13 21:42:21', '2020-09-13 21:42:21'),
(26, 10, 1, 1, 3, 30.00, NULL, NULL, 90.00, 0.00, 90.00, 0.00, '2020-09-13 21:43:28', '2020-09-13 21:43:28'),
(27, 31, 1, 1, 12, 28.00, NULL, NULL, 336.00, 0.00, 336.00, 0.00, '2020-09-13 21:51:49', '2020-09-13 21:51:49'),
(29, 341, 1, 1, 1, 35.00, NULL, NULL, 35.00, 35.00, 0.00, 20.00, '2020-09-13 21:55:27', '2020-09-13 21:55:27'),
(30, 310, 1, 1, 1, 35.00, NULL, NULL, 35.00, 0.00, 35.00, 0.00, '2020-09-13 21:58:05', '2020-09-13 21:58:05'),
(31, 341, 1, 1, 2, 35.00, NULL, NULL, 70.00, 7.00, 63.00, 40.00, '2020-09-13 21:58:56', '2020-09-13 21:58:56'),
(32, 342, 1, 1, 5, 30.00, NULL, NULL, 150.00, 150.00, 0.00, 0.00, '2020-09-13 22:00:51', '2020-09-13 22:00:51'),
(33, 343, 1, 1, 5, 30.00, NULL, NULL, 150.00, 0.00, 150.00, 0.00, '2020-09-13 22:06:58', '2020-09-13 22:06:58'),
(34, 345, 1, 1, 5, 28.00, NULL, NULL, 140.00, 0.00, 140.00, 0.00, '2020-09-13 22:07:39', '2020-09-13 22:07:39'),
(35, 344, 1, 1, 5, 25.00, NULL, NULL, 125.00, 0.00, 125.00, 0.00, '2020-09-13 22:09:23', '2020-09-13 22:09:23'),
(36, 346, 1, 1, 1, 30.00, NULL, NULL, 30.00, 30.00, 0.00, 0.00, '2020-09-13 22:12:44', '2020-09-13 22:12:44'),
(37, 347, 1, 1, 15, 25.00, NULL, NULL, 375.00, 0.00, 375.00, 0.00, '2020-09-13 22:13:36', '2020-09-13 22:13:36'),
(38, 348, 1, 1, 6, 25.00, NULL, NULL, 150.00, 0.00, 150.00, 0.00, '2020-09-14 01:33:03', '2020-09-14 01:33:03'),
(39, 349, 1, 1, 6, 30.00, NULL, NULL, 180.00, 0.00, 180.00, 0.00, '2020-09-14 01:36:14', '2020-09-14 01:36:14'),
(40, 341, 1, 1, 1, 35.00, NULL, NULL, 35.00, 35.00, 0.00, 20.00, '2020-09-14 01:36:56', '2020-09-14 01:36:56'),
(41, 350, 1, 1, 9, 27.00, NULL, NULL, 243.00, 0.00, 243.00, 0.00, '2020-09-14 01:38:07', '2020-09-14 01:38:07'),
(42, 123, 1, 1, 3, 30.00, NULL, NULL, 90.00, 0.00, 90.00, 0.00, '2020-09-14 01:38:46', '2020-09-14 01:38:46'),
(43, 268, 1, 1, 4, 25.00, NULL, NULL, 100.00, 0.00, 100.00, 0.00, '2020-09-14 01:42:02', '2020-09-14 01:42:02'),
(44, 14, 1, 1, 5, 28.00, NULL, NULL, 140.00, 0.00, 140.00, 0.00, '2020-09-14 01:42:47', '2020-09-14 01:42:47'),
(45, 351, 1, 1, 11, 25.00, NULL, NULL, 275.00, 0.00, 275.00, 0.00, '2020-09-14 01:44:51', '2020-09-14 01:44:51'),
(46, 356, 1, 1, 4, 45.00, NULL, NULL, 180.00, 0.00, 180.00, 0.00, '2020-09-14 20:57:33', '2020-09-14 20:57:33'),
(47, 356, 1, 1, 23, 40.00, NULL, NULL, 920.00, 0.00, 920.00, 0.00, '2020-09-14 20:57:56', '2020-09-14 20:57:56'),
(48, 142, 1, 1, 3, 50.00, NULL, NULL, 150.00, 0.00, 150.00, 0.00, '2020-09-14 20:58:50', '2020-09-14 20:58:50'),
(49, 341, 1, 1, 3, 45.00, NULL, NULL, 135.00, 135.00, 0.00, 65.00, '2020-09-14 21:01:20', '2020-09-14 21:01:20'),
(50, 341, 1, 1, 1, 45.00, NULL, NULL, 45.00, 45.00, 0.00, 20.00, '2020-09-14 21:01:51', '2020-09-14 21:01:51'),
(51, 3, 1, 1, 32, 40.00, NULL, NULL, 1280.00, 0.00, 1280.00, 0.00, '2020-09-14 21:03:11', '2020-09-14 21:03:11'),
(52, 183, 1, 1, 2, 50.00, NULL, NULL, 100.00, 0.00, 100.00, 0.00, '2020-09-14 21:04:33', '2020-09-14 21:04:33'),
(53, 263, 1, 1, 201, 20.00, NULL, NULL, 4020.00, 0.00, 4020.00, 0.00, '2020-09-17 19:45:22', '2020-09-17 19:45:22'),
(54, 341, 1, 1, 20, 20.00, NULL, NULL, 400.00, 0.00, 400.00, 0.00, '2020-10-13 22:19:04', '2020-10-13 22:19:04'),
(55, 341, 1, 1, 10, 10.00, NULL, NULL, 100.00, 0.00, 100.00, 0.00, '2020-10-13 22:19:53', '2020-10-13 22:19:53');

-- --------------------------------------------------------

--
-- Table structure for table `subregions`
--

CREATE TABLE `subregions` (
  `id` bigint(20) UNSIGNED NOT NULL,
  `region_id` bigint(20) UNSIGNED DEFAULT NULL,
  `title_en` varchar(191) COLLATE utf8mb4_unicode_ci NOT NULL,
  `title_ar` varchar(191) COLLATE utf8mb4_unicode_ci NOT NULL,
  `created_at` timestamp NULL DEFAULT NULL,
  `updated_at` timestamp NULL DEFAULT NULL
) ENGINE=InnoDB DEFAULT CHARSET=utf8mb4 COLLATE=utf8mb4_unicode_ci;

--
-- Dumping data for table `subregions`
--

INSERT INTO `subregions` (`id`, `region_id`, `title_en`, `title_ar`, `created_at`, `updated_at`) VALUES
(2, 1, 'الصحاره', 'الصحاره', '2020-09-01 15:58:38', '2020-09-01 15:58:38'),
(3, 2, 'الشادر', 'الشادر', '2020-09-01 15:58:57', '2020-09-01 15:58:57'),
(4, 2, 'السلخانه', 'السلخانه', '2020-09-01 15:59:10', '2020-09-01 15:59:10'),
(5, 1, 'بني هرون', 'بني هرون', '2020-09-01 18:52:39', '2020-09-01 18:52:39'),
(6, 1, 'الكوم الأحمر', 'الكوم الأحمر', '2020-09-01 18:53:12', '2020-09-01 18:53:12'),
(7, 1, 'شريف باشا', 'شريف باشا', '2020-09-01 18:53:49', '2020-09-01 18:53:49'),
(8, 1, 'الحلابيه', 'الحلابيه', '2020-09-01 18:54:19', '2020-09-01 18:54:19'),
(9, 1, 'البساتين', 'البساتين', '2020-09-01 18:54:36', '2020-09-01 18:54:36'),
(10, 1, 'طحا بوش', 'طحا بوش', '2020-09-01 18:55:20', '2020-09-01 18:55:20'),
(11, 1, 'إبشنا', 'إبشنا', '2020-09-01 18:55:51', '2020-09-01 18:55:51'),
(12, 2, 'الجزيره', 'الجزيره', '2020-09-01 19:03:45', '2020-09-01 19:03:45'),
(13, 2, 'بني عطيه', 'بني عطيه', '2020-09-01 19:06:07', '2020-09-01 19:06:07'),
(14, 2, 'الحميات', 'الحميات', '2020-09-01 19:06:32', '2020-09-01 19:06:32'),
(15, 2, 'بدرخان', 'بدرخان', '2020-09-01 19:06:42', '2020-09-01 19:06:42'),
(20, 1, 'ظلطه', 'ظلطه', '2020-09-01 20:50:59', '2020-09-01 20:50:59'),
(21, 1, 'بوش', 'بوش', '2020-09-01 20:51:12', '2020-09-01 20:51:12'),
(22, 1, 'الزيتون', 'الزيتون', '2020-09-01 20:51:48', '2020-09-01 20:51:48'),
(23, 1, 'إهوه', 'إهوه', '2020-09-01 20:52:11', '2020-09-01 20:52:11'),
(24, 1, 'دموشيا', 'دموشيا', '2020-09-01 20:52:32', '2020-09-01 20:52:32'),
(25, 1, 'إهناسيا الخضراء', 'إهناسيا الخضراء', '2020-09-01 20:53:09', '2020-09-01 20:53:09'),
(26, 1, 'نعيم', 'نعيم', '2020-09-01 20:53:24', '2020-09-01 20:53:24'),
(27, 1, 'السعادنا', 'السعادنا', '2020-09-01 20:53:42', '2020-09-01 20:53:42'),
(28, 1, 'الشنويه', 'الشنويه', '2020-09-01 20:54:07', '2020-09-01 20:54:07'),
(29, 1, 'باها', 'باها', '2020-09-01 20:54:25', '2020-09-01 20:54:25'),
(30, 1, 'الحاجر', 'الحاجر', '2020-09-01 20:54:44', '2020-09-01 20:54:44'),
(31, 1, 'الدوالطه', 'الدوالطه', '2020-09-01 20:55:08', '2020-09-01 20:55:08'),
(32, 1, 'باروط', 'باروط', '2020-09-01 20:55:39', '2020-09-01 20:55:39'),
(33, 1, 'بني عفان', 'بني عفان', '2020-09-01 20:56:23', '2020-09-01 20:56:23'),
(34, 1, 'بني بخيت', 'بني بخيت', '2020-09-01 20:56:42', '2020-09-01 20:56:42'),
(35, 1, 'الحكامنا', 'الحكامنا', '2020-09-01 20:57:03', '2020-09-01 20:57:03'),
(36, 1, 'منشأة حيدر يكن', 'منشأة حيدر يكن', '2020-09-01 20:59:40', '2020-09-01 20:59:40'),
(37, 1, 'أبو سليم', 'أبو سليم', '2020-09-01 21:01:10', '2020-09-01 21:01:10'),
(38, 1, 'الشيخ علي', 'الشيخ علي', '2020-09-01 21:01:31', '2020-09-01 21:01:31'),
(39, 1, 'بلفيا', 'بلفيا', '2020-09-01 21:01:51', '2020-09-01 21:01:51'),
(40, 1, 'شاويش', 'شاويش', '2020-09-01 21:02:06', '2020-09-01 21:02:06'),
(41, 1, 'الزرابي', 'الزرابي', '2020-09-01 21:02:20', '2020-09-01 21:02:20'),
(42, 1, 'الدويه', 'الدويه', '2020-09-01 21:02:40', '2020-09-01 21:02:40'),
(43, 1, 'الملاحيه', 'الملاحيه', '2020-09-01 21:03:11', '2020-09-01 21:03:11'),
(44, 1, 'بهبشين', 'بهبشين', '2020-09-01 21:03:30', '2020-09-01 21:03:30'),
(45, 1, 'عزبة عويس', 'عزبة عويس', '2020-09-01 21:03:50', '2020-09-01 21:03:50'),
(46, 1, 'منقريش', 'منقريش', '2020-09-01 21:04:04', '2020-09-01 21:04:04'),
(47, 1, 'قمبش', 'قمبش', '2020-09-01 21:04:40', '2020-09-01 21:04:40'),
(48, 1, 'بني أحمد', 'بني أحمد', '2020-09-01 21:04:54', '2020-09-01 21:04:54'),
(49, 1, 'بني حمد', 'بني حمد', '2020-09-01 21:05:22', '2020-09-01 21:05:22'),
(50, 1, 'النويره', 'النويره', '2020-09-01 21:05:40', '2020-09-01 21:05:40'),
(51, 1, 'دنديل', 'دنديل', '2020-09-01 21:06:13', '2020-09-01 21:06:13'),
(53, 2, 'الشاملة و النخ', 'الشاملة و النخ', '2020-09-01 21:12:21', '2020-09-01 21:12:21'),
(54, 2, 'الروضه', 'الروضه', '2020-09-01 21:16:33', '2020-09-01 21:16:33'),
(58, 2, 'بعره', 'بعره', '2020-09-01 21:40:54', '2020-09-01 21:40:54'),
(59, 2, 'الشرق', 'الشرق', '2020-09-01 21:41:09', '2020-09-01 21:41:09'),
(60, 2, 'بني سليمان', 'بني سليمان', '2020-09-01 21:41:29', '2020-09-01 21:41:29'),
(61, 2, 'الحمرايا', 'الحمرايا', '2020-09-01 21:41:39', '2020-09-01 21:41:39'),
(62, 2, 'سنور', 'سنور', '2020-09-01 21:41:56', '2020-09-01 21:41:56'),
(63, 2, 'الصفيح', 'الصفيح', '2020-09-02 02:25:47', '2020-09-02 02:25:47'),
(68, 1, 'تزمنت', 'تزمنت', '2020-09-02 17:42:12', '2020-09-02 17:42:12'),
(69, 1, 'ظاظا', 'ظاظا', '2020-09-05 00:57:17', '2020-09-05 00:57:17'),
(70, 1, 'المسيد', 'المسيد', '2020-09-05 01:40:36', '2020-09-05 01:40:36'),
(71, 2, 'الخضار', 'الخضار', '2020-09-11 12:29:18', '2020-09-11 12:29:18'),
(72, 2, 'البشري', 'البشري', '2020-09-11 12:33:21', '2020-09-11 12:33:21'),
(73, 2, 'الأزهري', 'الأزهري', '2020-09-11 12:36:16', '2020-09-11 12:36:16'),
(75, 2, 'بلبل', 'بلبل', '2020-09-12 03:40:59', '2020-09-12 03:40:59');

-- --------------------------------------------------------

--
-- Table structure for table `traders`
--

CREATE TABLE `traders` (
  `id` bigint(20) UNSIGNED NOT NULL,
  `subregion_id` bigint(20) UNSIGNED NOT NULL,
  `name` varchar(191) COLLATE utf8mb4_unicode_ci NOT NULL,
  `phone` varchar(20) COLLATE utf8mb4_unicode_ci NOT NULL,
  `money_indebtedness` double(8,2) UNSIGNED NOT NULL,
  `created_at` timestamp NULL DEFAULT NULL,
  `updated_at` timestamp NULL DEFAULT NULL
) ENGINE=InnoDB DEFAULT CHARSET=utf8mb4 COLLATE=utf8mb4_unicode_ci;

--
-- Dumping data for table `traders`
--

INSERT INTO `traders` (`id`, `subregion_id`, `name`, `phone`, `money_indebtedness`, `created_at`, `updated_at`) VALUES
(1, 3, 'أم يوسف رجب الشادر', '01015776715', 2.00, '2020-09-01 21:49:15', '2020-09-14 01:58:25'),
(2, 3, 'أم عبدالرحمن بني هرون الشادر', '01015776716', 497.00, '2020-09-01 21:55:22', '2020-09-17 19:53:05'),
(3, 3, 'صابر لمونه الشادر', '01015776713', 303.00, '2020-09-01 21:57:14', '2020-09-18 03:20:00'),
(4, 3, 'أم فرحة الشادر', '01015776712', 325.00, '2020-09-01 21:58:37', '2020-09-17 19:55:12'),
(5, 3, 'أم محمد وفاء بني بخيت الشادر', '01015776755', 180.00, '2020-09-01 22:02:57', '2020-09-17 19:55:35'),
(6, 3, 'الجندي تبع رمضان الشريف', '01015776722', 0.00, '2020-09-01 22:04:49', '2020-09-12 02:52:14'),
(7, 3, 'أم عبده حرم شعبان الشادر', '01015776744', 385.00, '2020-09-01 22:06:02', '2020-09-14 01:53:38'),
(8, 3, 'أم شعبان الشادر', '01015776733', 40.00, '2020-09-01 22:07:14', '2020-09-18 03:21:16'),
(9, 3, 'أم أشرف الشادر', '01015776731', 490.00, '2020-09-01 22:10:46', '2020-09-17 19:56:55'),
(10, 3, 'أم أحمد ملابس الدويه الشادر', '01015776724', 310.00, '2020-09-01 22:13:15', '2020-09-17 19:58:05'),
(11, 3, 'أم محمود حنان الشادر', '01015226715', 0.00, '2020-09-01 22:21:51', '2020-09-18 03:21:47'),
(12, 3, 'أم ربيع بني عفان الشادر', '01013376715', 75.00, '2020-09-01 22:23:52', '2020-09-18 03:22:15'),
(13, 3, 'صابر أيمن حسني الشادر', '01015576715', 165.00, '2020-09-01 22:24:42', '2020-09-17 19:59:37'),
(14, 3, 'هاله الشادر', '01015788715', 0.00, '2020-09-01 22:25:41', '2020-09-17 20:00:00'),
(15, 3, 'عزت زين الشادر', '01015886715', 100.00, '2020-09-01 22:32:07', '2020-09-17 20:01:16'),
(17, 3, 'أم عبدالرحمن بني عفان الشادر', '01158505724', 25.00, '2020-09-02 01:49:56', '2020-09-14 01:58:12'),
(18, 3, 'كريم المحل الشادر', '01227655255', 300.00, '2020-09-02 01:50:47', '2020-09-17 20:02:46'),
(19, 3, 'رمضان الشريف الشادر', '01227622755', 35.00, '2020-09-02 01:51:23', '2020-09-14 01:57:59'),
(20, 3, 'محمد مرزوق الشادر', '01227623755', 0.00, '2020-09-02 01:53:51', '2020-09-14 01:59:33'),
(21, 3, 'أم شعبان النويره الشادر', '01015776799', 80.00, '2020-09-02 01:55:24', '2020-09-17 20:14:42'),
(22, 3, 'أم حسن النويره الشادر', '01226255755', 204.00, '2020-09-02 01:57:13', '2020-09-17 20:13:08'),
(23, 3, 'أم أحمد إسماعيل باروط الشادر', '01227235755', 0.00, '2020-09-02 01:58:18', '2020-09-14 01:58:57'),
(24, 3, 'أم إياد بني عفان الشادر', '01227885755', 390.00, '2020-09-02 02:00:49', '2020-09-14 01:53:23'),
(25, 3, 'أم أحمد حفظي بني عفان الشادر', '01227612755', 95.00, '2020-09-02 02:03:14', '2020-09-17 20:28:22'),
(27, 3, 'ضبش الشادر', '01227655125', 10.00, '2020-09-02 02:06:18', '2020-09-17 20:27:07'),
(28, 3, 'أحمد رشوان الشادر', '01227465755', 0.00, '2020-09-02 02:07:15', '2020-09-17 19:56:19'),
(29, 3, 'أم كريم علام الشادر', '01227625755', 0.00, '2020-09-02 02:10:55', '2020-09-14 01:59:47'),
(30, 4, 'أم أكرم السلخانه', '01467625755', 457.00, '2020-09-02 02:18:35', '2020-09-17 20:46:30'),
(31, 4, 'سميه السلخانه', '01227658655', 5.00, '2020-09-02 02:20:48', '2020-09-18 03:26:38'),
(32, 4, 'إيمان باروط السلخانه', '01227678655', 0.00, '2020-09-02 02:22:22', '2020-09-12 03:08:27'),
(34, 63, 'أم فتحي الصفيح', '01227653355', 0.00, '2020-09-02 02:29:58', '2020-09-17 21:20:41'),
(35, 4, 'ليلى باروط السلخانه', '01227555755', 0.00, '2020-09-02 02:39:37', '2020-09-17 21:04:19'),
(36, 4, 'أم حميد السلخانه', '01158505612', 150.00, '2020-09-02 02:40:34', '2020-09-14 02:42:43'),
(37, 6, 'أم صدام الكوم', '01015456741', 15.00, '2020-09-04 15:36:18', '2020-09-14 04:26:08'),
(38, 6, 'محمد ربيع الكوم الاحمر', '01158505656', 0.00, '2020-09-04 15:37:14', '2020-09-14 04:26:53'),
(39, 6, 'أم محمود البيبس الكوم', '01158343489', 30.00, '2020-09-04 15:38:26', '2020-09-18 18:41:30'),
(40, 7, 'أم محمد سميره شريف باشا', '01158304389', 80.00, '2020-09-04 15:40:12', '2020-09-14 04:14:20'),
(41, 7, 'ناديه حماد شريف باشا', '01012121417', 0.00, '2020-09-04 15:43:32', '2020-09-18 18:51:26'),
(43, 7, 'أم حسن بركه شريف باشا', '01213141713', 0.00, '2020-09-04 15:47:01', '2020-09-18 18:46:08'),
(44, 7, 'محمد جمعه شريف باشا', '01017151416', 50.00, '2020-09-04 15:48:53', '2020-09-18 18:44:52'),
(45, 7, 'محمد صلاح شريف باشا', '01217151412', 200.00, '2020-09-04 15:51:05', '2020-09-18 18:50:02'),
(46, 7, 'محمد علي شريف باشا', '01004040203', 325.00, '2020-09-04 15:52:27', '2020-09-18 18:44:17'),
(47, 10, 'أم عبير طحا بوش', '01008070568', 20.00, '2020-09-04 15:54:56', '2020-09-14 03:11:07'),
(48, 10, 'أم أحمد فرج طحا بوش', '01017080907', 0.00, '2020-09-04 15:56:14', '2020-09-18 19:48:46'),
(49, 10, 'أم محمود طحا بوش', '01012141713', 60.00, '2020-09-04 15:57:40', '2020-09-18 19:49:43'),
(50, 10, 'كريمه طحا بوش', '01017151413', 40.00, '2020-09-04 15:58:45', '2020-09-18 19:50:25'),
(51, 10, 'راويه طحا بوش', '01017171514', 0.00, '2020-09-04 16:00:32', '2020-09-18 19:54:24'),
(52, 10, 'أم حسن طحا', '01214030304', 265.00, '2020-09-04 16:01:39', '2020-09-04 16:01:39'),
(53, 10, 'أم ميهوب طحا بوش', '01017154230', 0.00, '2020-09-04 16:02:29', '2020-09-18 19:54:06'),
(54, 10, 'حميده طحا بوش', '01217151430', 140.00, '2020-09-04 16:03:26', '2020-09-18 19:55:35'),
(55, 10, 'أم خالد طحا بوش', '01517151412', 0.00, '2020-09-04 16:04:34', '2020-09-14 03:11:50'),
(56, 10, 'أم محمد حسن ريان طحا بوش', '01217151414', 50.00, '2020-09-04 16:05:33', '2020-09-18 19:51:28'),
(57, 10, 'أم كريم طحا', '01214151612', 0.00, '2020-09-04 16:10:56', '2020-09-04 16:10:56'),
(63, 11, 'حسن القاضي إبشنا', '10157767145', 270.00, '2020-09-04 19:09:29', '2020-09-18 19:57:53'),
(64, 11, 'هدى إبشنا', '10157767141', 100.00, '2020-09-04 19:10:17', '2020-09-12 22:34:14'),
(65, 11, 'أم ربيع إبشنا', '10157767146', 0.00, '2020-09-04 19:11:34', '2020-09-18 19:59:15'),
(66, 11, 'أم ياسمين إبشنا', '10157767149', 0.00, '2020-09-04 19:12:33', '2020-09-18 19:57:02'),
(67, 11, 'بنت أم ربيع إبشنا', '10157767143', 76.00, '2020-09-04 19:13:47', '2020-09-04 19:13:47'),
(68, 11, 'نجاة إبشنا', '10157767144', 0.00, '2020-09-04 19:14:24', '2020-09-18 19:58:20'),
(69, 11, 'صالحه إبشنا', '10157767147', 0.00, '2020-09-04 19:15:30', '2020-09-04 19:15:30'),
(70, 21, 'صباح أو يوسف بوش', '10157767148', 20.00, '2020-09-04 19:16:18', '2020-09-14 03:04:06'),
(71, 21, 'أم خليل بوش', '10157767111', 30.00, '2020-09-04 19:17:08', '2020-09-04 19:17:08'),
(72, 21, 'أم أحمد رئيسه بوش', '10157767112', 550.00, '2020-09-04 19:18:07', '2020-09-18 20:04:51'),
(73, 21, 'أميره بوش', '10157767113', 25.00, '2020-09-04 19:19:07', '2020-09-12 23:18:59'),
(74, 21, 'أم رجب نوره بوش', '10157767114', 0.00, '2020-09-04 19:20:08', '2020-09-14 03:05:15'),
(75, 21, 'نعمه بوش', '10157767115', 0.00, '2020-09-04 19:22:05', '2020-09-18 22:10:02'),
(76, 21, 'أم يوسف جمعه تبع أم جهاد بوش', '10157767117', 225.00, '2020-09-04 19:23:08', '2020-09-18 20:03:46'),
(77, 21, 'أم محمد نسمه بوش', '10157767118', 26.00, '2020-09-04 19:23:43', '2020-09-18 22:09:38'),
(78, 21, 'زيناهم بوش', '10157767119', 0.00, '2020-09-04 19:24:22', '2020-09-18 22:11:19'),
(79, 21, 'نجفه بوش', '10157767120', 0.00, '2020-09-04 19:24:57', '2020-09-14 03:04:18'),
(80, 21, 'أم بدوي بوش', '10157767121', 0.00, '2020-09-04 19:25:30', '2020-09-18 22:13:56'),
(81, 21, 'أم شريف بوش', '10157767122', 0.00, '2020-09-04 19:26:20', '2020-09-04 19:26:20'),
(82, 21, 'أم جهاد بوش', '10157767123', 0.00, '2020-09-04 19:27:08', '2020-09-18 22:14:51'),
(83, 21, 'أم وقال أم أنس', '10157767124', 0.00, '2020-09-04 19:27:50', '2020-09-04 19:27:50'),
(84, 22, 'أم حسين الزيتون', '10157767125', 395.00, '2020-09-04 19:28:55', '2020-09-18 22:20:40'),
(85, 22, 'أم عادلي الزيتون', '10157767126', 0.00, '2020-09-04 19:29:31', '2020-09-14 04:23:44'),
(86, 22, 'أم عيد الزيتون', '10157767127', 0.00, '2020-09-04 19:30:33', '2020-09-04 19:30:33'),
(87, 22, 'أم ربيع الزيتون', '10157767128', 0.00, '2020-09-04 19:31:10', '2020-09-04 19:31:10'),
(88, 22, 'محروسه الزيتون', '10157767129', 0.00, '2020-09-04 19:31:45', '2020-09-04 19:31:45'),
(89, 22, 'أم محمود الزيتون', '10157767130', 150.00, '2020-09-04 19:32:36', '2020-09-18 22:20:11'),
(90, 22, 'أم عادل فاطمه الزيتون', '10157767131', 0.00, '2020-09-04 19:33:49', '2020-09-14 04:24:02'),
(91, 28, 'أبو جنات الشنويه', '10157767132', 200.00, '2020-09-04 19:34:37', '2020-09-14 02:56:45'),
(92, 28, 'أم محمد نعناعه الشنويه', '10157767133', 125.00, '2020-09-04 19:35:29', '2020-09-14 02:57:03'),
(93, 28, 'محمد حسن الشنويه', '10157767134', 185.00, '2020-09-04 19:36:15', '2020-09-04 19:36:15'),
(94, 28, 'أم خالد الحمي الشنويه', '10157767135', 0.00, '2020-09-04 19:37:18', '2020-09-04 19:37:18'),
(95, 28, 'أم حمزه تبع ناصره الشنويه', '10157767136', 0.00, '2020-09-04 19:38:25', '2020-09-14 02:57:19'),
(96, 28, 'فوزيه تبع أم مريم الشنويه', '10157767137', 0.00, '2020-09-04 19:39:05', '2020-09-14 02:57:43'),
(97, 29, 'منه باها', '10157767138', 66.00, '2020-09-04 19:45:05', '2020-09-04 19:45:05'),
(98, 29, 'محروسه باها', '10157767139', 185.00, '2020-09-04 19:45:49', '2020-09-04 19:45:49'),
(99, 29, 'أم علاء باها', '10157767140', 235.00, '2020-09-04 19:46:42', '2020-09-14 04:14:51'),
(100, 29, 'صباح أم أحمد باها', '10157767142', 116.00, '2020-09-04 19:49:03', '2020-09-14 04:15:03'),
(106, 29, 'شكل باها', '10157767154', 64.00, '2020-09-04 19:57:59', '2020-09-14 04:15:14'),
(107, 29, 'أم مصطفى باها', '10157767155', 34.00, '2020-09-04 19:58:41', '2020-09-04 19:58:41'),
(109, 29, 'منى باها', '10157767158', 0.00, '2020-09-04 20:02:26', '2020-09-04 20:02:26'),
(110, 29, 'نوال عبد الناصر باها', '10157767159', 0.00, '2020-09-04 20:03:12', '2020-09-14 04:16:13'),
(111, 29, 'سحر باها', '10157767160', 0.00, '2020-09-04 20:03:43', '2020-09-14 04:15:48'),
(112, 29, 'ساميه باها', '10157767612', 0.00, '2020-09-04 20:04:33', '2020-09-04 20:04:33'),
(113, 29, 'أم اسلام عبير باها', '10157767163', 0.00, '2020-09-04 20:07:44', '2020-09-04 20:07:44'),
(114, 29, 'أم أحمد باها', '10157767164', 0.00, '2020-09-04 20:08:34', '2020-09-04 20:08:34'),
(115, 29, 'أم مجدي باها', '10157767165', 0.00, '2020-09-04 20:09:47', '2020-09-04 20:09:47'),
(116, 30, 'أم أحمد سعديه الحاجر', '10157767166', 90.00, '2020-09-04 20:10:53', '2020-09-14 04:18:35'),
(117, 30, 'أم إسلام الحاجر', '10157767167', 400.00, '2020-09-04 20:11:51', '2020-09-04 20:11:51'),
(118, 30, 'أم سيد تبع روميه الحاجر', '10157767168', 80.00, '2020-09-04 20:12:40', '2020-09-14 04:18:47'),
(119, 30, 'سعيده الحاجر', '10157767169', 0.00, '2020-09-04 20:13:23', '2020-09-14 04:18:58'),
(120, 30, 'مسعده الحاجر', '10157767170', 0.00, '2020-09-04 20:14:12', '2020-09-14 04:19:12'),
(121, 38, 'أم كريم الشيخ علي', '10157767171', 110.00, '2020-09-04 20:15:23', '2020-09-04 20:15:23'),
(122, 38, 'أم سمر الشخ علي', '10157767172', 0.00, '2020-09-04 20:16:01', '2020-09-04 20:16:01'),
(123, 68, 'أم عدي تزمنت', '10157767737', 105.00, '2020-09-04 21:37:21', '2020-09-18 18:28:40'),
(124, 68, 'أم ريهام تزمنت', '10157767173', 150.00, '2020-09-04 21:39:16', '2020-09-18 18:27:03'),
(125, 68, 'جميله تزمنت', '10157767174', 0.00, '2020-09-04 21:40:20', '2020-09-14 04:25:34'),
(126, 6, 'أم أحمد سميه الكوم', '10157767175', 170.00, '2020-09-04 21:41:29', '2020-09-18 18:40:12'),
(127, 2, 'أم دعاء الصحاره', '10157767176', 0.00, '2020-09-04 21:49:13', '2020-09-18 18:30:30'),
(131, 5, 'أم صابر بني هرون', '10157767179', 50.00, '2020-09-04 21:55:58', '2020-09-18 18:33:28'),
(132, 5, 'خالد بني هرون', '10157767180', 0.00, '2020-09-04 21:57:04', '2020-09-18 18:34:37'),
(133, 5, 'أم مصطفى الشيخ هرون', '10157767181', 25.00, '2020-09-04 21:58:01', '2020-09-04 21:58:01'),
(134, 5, 'أسامه الشيخ هرون', '10157767182', 0.00, '2020-09-04 21:59:08', '2020-09-04 22:00:36'),
(135, 9, 'أم أيمن البساتين', '10157767183', 10.00, '2020-09-04 22:04:29', '2020-09-18 19:38:45'),
(137, 8, 'أم أدهم الحلابيه', '10157767185', 185.00, '2020-09-04 22:07:45', '2020-09-18 19:42:35'),
(139, 8, 'أم وليد الحلابيه', '10157767187', 45.00, '2020-09-04 22:09:37', '2020-09-18 19:43:15'),
(140, 8, 'نعناعه الحلابيه', '10157767188', 53.00, '2020-09-04 22:10:30', '2020-09-18 19:44:05'),
(141, 8, 'أم محمد السني تبع مديحه الحلابيه', '10157767189', 0.00, '2020-09-04 22:11:07', '2020-09-18 19:47:10'),
(142, 8, 'مديحه الحلابيه', '10157767190', 0.00, '2020-09-04 22:12:29', '2020-09-18 19:46:35'),
(143, 8, 'لطفيه الحلابيه', '10157767191', 222.00, '2020-09-04 22:15:25', '2020-09-18 19:44:32'),
(144, 8, 'أم حسام الحلابيه', '10157767192', 138.00, '2020-09-04 22:17:06', '2020-09-18 19:45:21'),
(145, 8, 'محمود الحلابيه', '10157767193', 0.00, '2020-09-04 22:21:48', '2020-09-04 22:21:48'),
(146, 20, 'سمر ظلطه', '10157767194', 0.00, '2020-09-04 22:23:44', '2020-09-04 22:23:44'),
(147, 20, 'منى ظلطه', '10157767195', 190.00, '2020-09-04 22:24:13', '2020-09-13 21:20:47'),
(148, 20, 'أم علاء ظلطه', '10157767196', 0.00, '2020-09-04 22:25:14', '2020-09-04 22:25:14'),
(149, 23, 'أم صلاح إهوه', '10157767197', 20.00, '2020-09-04 22:50:07', '2020-09-04 22:50:07'),
(150, 23, 'أحمد الزيات إهوه', '10157767199', 35.00, '2020-09-04 22:51:31', '2020-09-14 04:11:32'),
(151, 23, 'أم أحمد صفاء إهوه', '10157767100', 50.00, '2020-09-04 22:52:19', '2020-09-18 22:24:56'),
(152, 23, 'نوال إهوه', '10157767110', 5.00, '2020-09-04 22:53:46', '2020-09-14 04:40:06'),
(153, 23, 'رمضان غزال إهوه', '10157767103', 68.00, '2020-09-04 22:55:00', '2020-09-18 22:25:56'),
(154, 23, 'ناديه إهوه', '10157767104', 4.00, '2020-09-04 22:55:45', '2020-09-14 04:41:48'),
(155, 23, 'أم سيد إهوه', '10157767105', 0.00, '2020-09-04 22:56:28', '2020-09-04 22:56:28'),
(156, 23, 'نعمه إهوه', '10157767106', 45.00, '2020-09-04 22:57:11', '2020-09-18 22:27:36'),
(157, 23, 'أم ملك إهوه', '10157767107', 0.00, '2020-09-04 22:58:02', '2020-09-14 04:43:26'),
(158, 23, 'بهاء إهوه', '10157767108', 66.00, '2020-09-04 22:59:17', '2020-09-18 22:30:15'),
(159, 23, 'أم عبدالله إهوه', '10157767116', 0.00, '2020-09-04 23:02:34', '2020-09-04 23:02:34'),
(160, 23, 'أم منه تبع أم أحمد ثريا إهوه', '01158505742', 32.00, '2020-09-04 23:12:23', '2020-09-14 04:11:50'),
(161, 23, 'عواطف إهوه', '01120201272', 90.00, '2020-09-04 23:17:40', '2020-09-18 22:31:28'),
(162, 23, 'هاله إهوه', '01120201273', 3.00, '2020-09-04 23:18:21', '2020-09-18 22:32:43'),
(163, 23, 'أم آيه إهوه', '01120201274', 70.00, '2020-09-04 23:19:28', '2020-09-18 22:33:40'),
(164, 23, 'أم مصطفى حسنه إهوه', '01120201275', 45.00, '2020-09-04 23:21:13', '2020-09-14 04:11:18'),
(165, 23, 'أم رياض إهوه', '01120201276', 0.00, '2020-09-04 23:22:04', '2020-09-14 04:48:11'),
(166, 23, 'أحمد عبدالستار إهوه', '01120201277', 0.00, '2020-09-04 23:22:47', '2020-09-11 17:49:30'),
(167, 23, 'كريمه إهوه', '01120201278', 0.00, '2020-09-04 23:28:40', '2020-09-04 23:28:40'),
(168, 23, 'إيمان إهوه', '01120201260', 60.00, '2020-09-04 23:30:18', '2020-09-18 22:35:10'),
(169, 24, 'أم ضحى دموشيا', '01120201261', 210.00, '2020-09-04 23:31:00', '2020-09-18 22:44:37'),
(170, 24, 'أم دعاء دموشيا', '01120201263', 180.00, '2020-09-04 23:31:55', '2020-09-04 23:31:55'),
(171, 24, 'ضحى دموشيا', '01120201264', 86.00, '2020-09-04 23:32:53', '2020-09-18 22:47:53'),
(172, 24, 'أم مصطفى دموشيا', '01120201265', 50.00, '2020-09-04 23:33:27', '2020-09-18 22:48:32'),
(173, 24, 'أم ملك دموشيا', '01120201266', 385.00, '2020-09-04 23:35:07', '2020-09-18 22:49:01'),
(174, 24, 'أم عمر دموشيا', '01120201268', 45.00, '2020-09-04 23:36:03', '2020-09-04 23:36:03'),
(175, 24, 'أم إيمان دموشيا', '01120201287', 181.00, '2020-09-04 23:37:13', '2020-09-18 22:51:53'),
(176, 24, 'ربيع أبو دومه دموشيا', '01120201223', 200.00, '2020-09-04 23:38:41', '2020-09-18 22:52:43'),
(177, 24, 'أم علي دموشيا', '01120201212', 450.00, '2020-09-04 23:39:33', '2020-09-04 23:39:33'),
(178, 24, 'أم زياد دموشيا', '01120201210', 25.00, '2020-09-04 23:40:46', '2020-09-04 23:40:46'),
(179, 25, 'أبو رفعت إهناسيا', '01120201211', 135.00, '2020-09-04 23:44:12', '2020-09-14 04:16:45'),
(180, 25, 'أم رمضان إهناسيا', '01120201233', 275.00, '2020-09-04 23:45:18', '2020-09-04 23:45:18'),
(181, 25, 'طه رجب إهناسيا', '01120201244', 115.00, '2020-09-04 23:46:19', '2020-09-04 23:46:19'),
(182, 25, 'أم عبده إهناسيا', '01120201288', 160.00, '2020-09-04 23:47:25', '2020-09-04 23:47:25'),
(183, 26, 'محمد خالد نعيم', '01120201299', 280.00, '2020-09-04 23:49:10', '2020-09-14 21:04:33'),
(184, 26, 'أم محمد نعيم', '01120201201', 0.00, '2020-09-04 23:49:54', '2020-09-04 23:49:54'),
(185, 26, 'أم ربيع صفاء نعيم', '01120201202', 0.00, '2020-09-04 23:50:20', '2020-09-14 04:24:29'),
(186, 31, 'أم عيد الدوالطه', '01120201203', 85.00, '2020-09-04 23:51:51', '2020-09-04 23:51:51'),
(187, 31, 'أم رمضان الدوالطه', '01120201204', 0.00, '2020-09-04 23:52:31', '2020-09-04 23:52:31'),
(188, 31, 'أم سعيد الدوالطه', '01120201205', 110.00, '2020-09-04 23:53:22', '2020-09-13 21:37:07'),
(189, 31, 'أم دنيا الدوالطه', '01120201206', 0.00, '2020-09-04 23:53:54', '2020-09-04 23:53:54'),
(190, 31, 'إيمان الدوالطه', '01120201207', 0.00, '2020-09-04 23:54:51', '2020-09-04 23:54:51'),
(194, 32, 'فوزيه عبد الستار باروط', '01120201111', 0.00, '2020-09-04 23:59:47', '2020-09-18 23:34:23'),
(195, 32, 'كوثر باروط', '01120201112', 75.00, '2020-09-05 00:00:36', '2020-09-05 00:00:36'),
(196, 32, 'خيريه باروط', '01120201113', 90.00, '2020-09-05 00:01:04', '2020-09-05 00:01:04'),
(197, 32, 'أم محمود باروط', '01120201114', 175.00, '2020-09-05 00:02:11', '2020-09-05 00:02:11'),
(198, 32, 'ليلى باروط', '01120201115', 245.00, '2020-09-05 00:05:06', '2020-09-05 00:05:06'),
(199, 32, 'أم محمد تبع أم حامد', '01120201222', 110.00, '2020-09-05 00:05:54', '2020-09-05 00:05:54'),
(200, 32, 'فاطمه باروط', '01120201333', 0.00, '2020-09-05 00:06:42', '2020-09-05 00:06:42'),
(201, 32, 'أم هاشم باروط', '01120201444', 0.00, '2020-09-05 00:07:55', '2020-09-05 00:07:55'),
(202, 32, 'علاء أم جمعه باروط', '01120208111', 0.00, '2020-09-05 00:09:06', '2020-09-05 00:09:06'),
(203, 33, 'أم مصطفى بني عفان', '01120201666', 50.00, '2020-09-05 00:14:42', '2020-09-05 00:14:42'),
(204, 33, 'فتحيه بني عفان', '01120201555', 160.00, '2020-09-05 00:16:25', '2020-09-05 00:16:25'),
(205, 33, 'فاطمه بني عفان', '01120202222', 386.00, '2020-09-05 00:17:44', '2020-09-05 00:17:44'),
(206, 33, 'أم أحمد حسان بني عفان', '01120205555', 0.00, '2020-09-05 00:19:50', '2020-09-14 04:17:08'),
(207, 33, 'أم كريم بني عفان', '01122221272', 0.00, '2020-09-05 00:21:31', '2020-09-05 13:03:46'),
(208, 33, 'أم آيه بني عفان', '01213685914', 0.00, '2020-09-05 00:24:42', '2020-09-05 00:24:42'),
(209, 33, 'نجلاء بني عفان', '01213685911', 0.00, '2020-09-05 00:25:30', '2020-09-05 00:25:30'),
(210, 33, 'أم أحمد سناء بني عفان', '01213685912', 0.00, '2020-09-05 00:26:56', '2020-09-14 04:17:22'),
(211, 33, 'أم عبد الرحمن عماد بني عفان', '01213685913', 0.00, '2020-09-05 00:27:40', '2020-09-14 04:17:35'),
(213, 34, 'نسمه بني بخيت', '01213685915', 130.00, '2020-09-05 00:52:40', '2020-09-14 04:28:39'),
(214, 34, 'أم أحمد السباعي بني بخيت', '01213685916', 40.00, '2020-09-05 00:53:10', '2020-09-14 04:29:00'),
(215, 34, 'أم محمد عشور بني بخيت', '01213685917', 160.00, '2020-09-05 00:55:30', '2020-09-14 04:28:26'),
(216, 34, 'أم يوسف تبع نسمه بني بخيت', '01213685918', 0.00, '2020-09-05 00:56:14', '2020-09-14 04:29:18'),
(217, 69, 'أم محمد ظاظا', '01213685919', 40.00, '2020-09-05 00:57:59', '2020-09-14 04:22:01'),
(218, 69, 'سناء ظاظا', '01213685910', 40.00, '2020-09-05 00:58:34', '2020-09-14 04:22:12'),
(220, 35, 'أم مناع الحكامنا', '01213685921', 90.00, '2020-09-05 01:03:54', '2020-09-05 01:03:54'),
(221, 35, 'أم فرحه الحكامنا', '01213685923', 0.00, '2020-09-05 01:05:17', '2020-09-05 01:05:17'),
(222, 35, 'نور حربي الحكامنا', '01213685924', 0.00, '2020-09-05 01:06:59', '2020-09-14 02:58:56'),
(223, 35, 'عرفه الحكامنا', '01213685925', 200.00, '2020-09-05 01:07:33', '2020-09-05 01:07:33'),
(224, 35, 'أم إسلام الحكامنا', '01213685926', 0.00, '2020-09-05 01:08:37', '2020-09-05 01:08:37'),
(225, 36, 'أحمد عبد النبي منشأة حيدر', '01213685927', 0.00, '2020-09-05 01:12:13', '2020-09-14 12:32:27'),
(226, 37, 'أم رحمه أبو سليم', '01213685928', 115.00, '2020-09-05 01:13:39', '2020-09-14 12:25:01'),
(228, 37, 'طه توحيد أبو سليم', '01213685930', 0.00, '2020-09-05 01:15:17', '2020-09-14 12:25:22'),
(229, 37, 'محمد إمام أبو سليم', '01213685931', 0.00, '2020-09-05 01:15:58', '2020-09-14 12:25:38'),
(230, 39, 'أم أحمد حنان', '01213685934', 0.00, '2020-09-05 01:17:29', '2020-09-05 01:17:29'),
(231, 40, 'أم طارق', '01213685933', 0.00, '2020-09-05 01:20:44', '2020-09-05 01:20:44'),
(233, 42, 'أم أحمد الدويه', '01213685936', 25.00, '2020-09-05 01:26:48', '2020-09-14 04:22:50'),
(234, 42, 'أم عبده الدويه', '01213685937', 80.00, '2020-09-05 01:27:20', '2020-09-14 04:22:37'),
(235, 43, 'أم حمص الملاحيه', '01213685939', 0.00, '2020-09-05 01:31:19', '2020-09-14 11:16:32'),
(236, 43, 'أم عمرو الملاحيه', '01213685940', 0.00, '2020-09-05 01:32:04', '2020-09-14 11:16:55'),
(237, 43, 'أم حسن الملاحيه', '01213685941', 140.00, '2020-09-05 01:32:36', '2020-09-05 01:32:36'),
(238, 43, 'أم ريم الملاحيه', '01213685942', 100.00, '2020-09-05 01:37:00', '2020-09-14 11:13:38'),
(239, 43, 'أم نادر الملاحيه', '01213685943', 115.00, '2020-09-05 01:38:13', '2020-09-14 11:12:52'),
(240, 70, 'علي المسيد', '01271255655', 0.00, '2020-09-05 01:43:16', '2020-09-05 11:14:25'),
(241, 49, 'عبد الرحمن أبو خضر بني حمد', '01213685946', 240.00, '2020-09-05 01:47:57', '2020-09-14 04:27:56'),
(242, 46, 'أم عبدالله منقريش', '01213685947', 0.00, '2020-09-05 01:51:33', '2020-09-14 03:02:12'),
(243, 3, 'أم رشا الشادر', '01213685948', 0.00, '2020-09-05 02:20:26', '2020-09-17 19:57:15'),
(244, 12, 'أم سيد الجزيره', '01212474714', 0.00, '2020-09-11 12:26:16', '2020-09-17 21:17:20'),
(245, 12, 'شوقي الجزيره', '01212474711', 5.00, '2020-09-11 12:26:41', '2020-09-17 21:39:25'),
(246, 12, 'محمود رزق الجزيره', '01212474712', 10.00, '2020-09-11 12:27:22', '2020-09-18 03:31:06'),
(248, 15, 'أم حبيبه بدرخان', '01212474715', 345.00, '2020-09-11 12:28:58', '2020-09-18 03:34:16'),
(249, 71, 'أم دنيا الخضار', '01212474716', 0.00, '2020-09-11 12:30:50', '2020-09-14 12:33:14'),
(250, 72, 'ربيعه البشري', '01212474717', 0.00, '2020-09-11 12:34:23', '2020-09-14 12:33:30'),
(251, 73, 'أم أحمد الأزهري', '01212474718', 0.00, '2020-09-11 12:37:17', '2020-09-17 22:03:37'),
(253, 15, 'أم فرحه شافعي', '01212474720', 0.00, '2020-09-11 12:39:11', '2020-09-18 03:37:58'),
(254, 15, 'بدوي رجائي', '01212474721', 107.00, '2020-09-11 12:40:19', '2020-09-17 21:25:34'),
(255, 54, 'وفاء الروضه', '01212474722', 45.00, '2020-09-11 12:41:09', '2020-09-11 12:41:09'),
(256, 63, 'أم حباطه الصفيح', '01212474723', 60.00, '2020-09-11 12:45:44', '2020-09-17 21:13:57'),
(258, 4, 'سلام السلخانه', '01212474725', 0.00, '2020-09-11 12:48:10', '2020-09-17 21:06:13'),
(259, 4, 'أم يوسف بوش بتاع الخيار السلخانه', '01212474726', 0.00, '2020-09-11 12:49:10', '2020-09-17 21:05:15'),
(260, 3, 'أم أسامه باروط الشادر', '01212474727', 0.00, '2020-09-11 12:51:21', '2020-09-11 12:51:21'),
(261, 3, 'أم أكرم الشادر', '01212474728', 60.00, '2020-09-11 12:52:29', '2020-09-17 20:26:15'),
(263, 24, 'احمد', '01234567890', 0.00, '2020-09-11 17:36:25', '2020-09-18 20:56:13'),
(264, 3, 'صفوت رمضان الشريف', '01512151401', 0.00, '2020-09-12 02:11:16', '2020-09-12 02:11:16'),
(265, 3, 'الجندي رمضان الشريف الشادر', '01512151402', 0.00, '2020-09-12 02:11:56', '2020-09-14 01:58:41'),
(266, 3, 'سميه الشادر', '01512151403', 140.00, '2020-09-12 02:15:53', '2020-09-17 19:54:35'),
(267, 3, 'عزت ناصر تبع سعيد المحل الشادر', '01512151404', 40.00, '2020-09-12 02:19:03', '2020-09-14 01:57:40'),
(268, 3, 'أم مجدي الشادر', '01512151405', 2.00, '2020-09-12 02:29:30', '2020-09-18 03:22:45'),
(269, 3, 'راضي زين الشادر', '01512151406', 0.00, '2020-09-12 02:30:09', '2020-09-14 02:00:24'),
(270, 3, 'عزه الشادر', '01512151407', 100.00, '2020-09-12 02:35:31', '2020-09-17 20:27:38'),
(271, 3, 'أم ردينا الشادر', '01512151408', 410.00, '2020-09-12 02:36:24', '2020-09-17 22:14:27'),
(273, 3, 'سهير الشادر', '01512151410', 50.00, '2020-09-12 02:42:47', '2020-09-12 02:42:47'),
(274, 3, 'الشيخ حسن مجاهد الشادر', '01512151411', 50.00, '2020-09-12 02:43:29', '2020-09-14 01:57:01'),
(278, 4, 'أم يوسف بني عفان السلخانه', '01512151414', 0.00, '2020-09-12 02:55:58', '2020-09-12 02:55:58'),
(279, 4, 'أم أسامه ملابس السلخانه', '01512151415', 0.00, '2020-09-12 02:58:02', '2020-09-14 02:44:21'),
(280, 63, 'حنفي الصفيح', '01512151416', 0.00, '2020-09-12 02:59:05', '2020-09-17 21:20:21'),
(281, 4, 'أم آيه بعره السلخانه', '01512151418', 0.00, '2020-09-12 03:01:40', '2020-09-17 20:45:02'),
(283, 4, 'أم أحمد تبع أم أميره السلخانه', '01512151420', 20.00, '2020-09-12 03:03:16', '2020-09-14 02:43:37'),
(284, 4, 'أم حسين السلخانه', '01512151421', 70.00, '2020-09-12 03:04:21', '2020-09-12 03:04:21'),
(285, 4, 'لوزه السلخانه', '01512151422', 20.00, '2020-09-12 03:06:15', '2020-09-17 20:57:34'),
(286, 4, 'أم أحمد أبو الدهب السلخانه', '01512151423', 0.00, '2020-09-12 03:07:09', '2020-09-17 21:05:51'),
(287, 12, 'أبو عبده الزهور', '01512151424', 0.00, '2020-09-12 03:15:05', '2020-09-12 03:15:05'),
(288, 12, 'أم هناء عبدالباقي', '01512151425', 0.00, '2020-09-12 03:15:58', '2020-09-17 21:17:04'),
(289, 12, 'أم زياد الشامله', '01512151426', 80.00, '2020-09-12 03:16:31', '2020-09-12 03:16:31'),
(290, 12, 'أم أشرف النخ', '01512151427', 0.00, '2020-09-12 03:17:01', '2020-09-12 03:17:01'),
(292, 14, 'أم أشرف الحميات', '01512151429', 40.00, '2020-09-12 03:19:08', '2020-09-18 03:33:38'),
(293, 14, 'أبو الحسن الثانويه', '01512151430', 185.00, '2020-09-12 03:19:55', '2020-09-12 03:19:55'),
(295, 15, 'أم هاشم بدرخان', '01512151432', 120.00, '2020-09-12 03:22:09', '2020-09-14 02:46:36'),
(296, 71, 'أم أحمد', '01512151433', 15.00, '2020-09-12 03:22:50', '2020-09-12 03:23:29'),
(297, 4, 'عويس السلخانه', '01512151434', 0.00, '2020-09-12 03:26:36', '2020-09-12 03:26:36'),
(300, 75, 'أم ممدوح بلبل', '01512151440', 0.00, '2020-09-12 17:36:35', '2020-09-14 12:34:02'),
(301, 75, 'أم رحاب بوش بلبل', '01512151441', 0.00, '2020-09-12 17:37:13', '2020-09-17 21:32:15'),
(302, 75, 'نصار علي بلبل', '01512151442', 49.00, '2020-09-12 17:38:04', '2020-09-17 21:26:58'),
(304, 73, 'ياسر الازهري', '01512151444', 35.00, '2020-09-12 17:40:06', '2020-09-17 22:03:15'),
(305, 73, 'أم دنيا الازهري', '01512151445', 20.00, '2020-09-12 17:41:08', '2020-09-12 17:41:08'),
(308, 59, 'أم عبدالله الشرق تبع أم اسراء', '01512151448', 80.00, '2020-09-12 17:46:17', '2020-09-17 21:49:42'),
(309, 59, 'أم وحيد الشرق', '01512151449', 321.00, '2020-09-12 17:47:11', '2020-09-17 21:50:36'),
(310, 59, 'أم إسراء الشرق', '01512151450', 247.00, '2020-09-12 17:47:57', '2020-09-17 21:57:49'),
(311, 59, 'أم فارس الشرق', '01512151451', 150.00, '2020-09-12 17:48:31', '2020-09-17 21:51:00'),
(312, 59, 'أم عبير الشرق', '01512151452', 101.00, '2020-09-12 17:49:30', '2020-09-17 21:54:02'),
(313, 59, 'أم ياسمين الشرق', '01512151453', 127.00, '2020-09-12 17:50:55', '2020-09-17 21:54:43'),
(314, 60, 'أم عمرو أخت أم إسراء الشرق', '01512151454', 0.00, '2020-09-12 17:53:49', '2020-09-17 22:00:49'),
(315, 60, 'أم مصطفى الشرق', '01512151455', 0.00, '2020-09-12 17:55:07', '2020-09-17 22:01:08'),
(316, 60, 'أم أحمد خليفه بني سليمان', '01512151456', 30.00, '2020-09-12 17:55:50', '2020-09-17 22:00:09'),
(317, 62, 'سمره سنور', '01512151457', 130.00, '2020-09-12 17:56:39', '2020-09-12 17:56:39'),
(318, 58, 'سيده بعره', '01512151459', 30.00, '2020-09-12 17:58:16', '2020-09-17 21:36:45'),
(320, 63, 'صابره الصفيح', '01512151460', 0.00, '2020-09-12 18:00:10', '2020-09-12 18:00:10'),
(321, 68, 'ربيع تزمنت', '01512151461', 10.00, '2020-09-12 18:04:56', '2020-09-12 18:04:56'),
(322, 2, 'أم علاء الصحاره', '01512151462', 0.00, '2020-09-12 18:17:36', '2020-09-18 18:30:06'),
(323, 6, 'أم أحمد خيريه الكوم', '01512151464', 0.00, '2020-09-12 21:48:05', '2020-09-18 18:40:38'),
(324, 7, 'أم ياسر شريف باشا', '01512151465', 168.00, '2020-09-12 21:51:54', '2020-09-18 18:48:39'),
(325, 7, 'أم ملك شريف باشا', '01512151466', 0.00, '2020-09-12 21:53:49', '2020-09-18 18:50:44'),
(326, 7, 'محمد عدلي شريف باشا', '01512151467', 101.00, '2020-09-12 21:54:47', '2020-09-18 18:49:19'),
(327, 7, 'أم حماده شريف باشا', '01512151468', 0.00, '2020-09-12 21:56:16', '2020-09-18 18:50:58'),
(328, 10, 'ناديه رمضان طحا بوش', '01512151472', 18.00, '2020-09-12 22:22:01', '2020-09-12 22:22:01'),
(329, 10, 'أم رحمه طحا بوش', '01512151473', 0.00, '2020-09-12 22:23:18', '2020-09-18 19:54:50'),
(330, 11, 'أم احمد الفدان إبشنا', '01127707491', 70.00, '2020-09-12 22:38:02', '2020-09-18 19:57:20'),
(331, 11, 'أم إسراء إبشنا', '01127707492', 50.00, '2020-09-12 22:41:58', '2020-09-14 03:09:08'),
(332, 21, 'محمد سعد بوش', '01512151478', 1185.00, '2020-09-12 23:20:05', '2020-09-18 20:06:52'),
(333, 21, 'أم محمد عزه بوش', '01512151479', 450.00, '2020-09-12 23:23:49', '2020-09-18 20:09:05'),
(334, 63, 'أم مصطفى الصفيح', '01523141572', 0.00, '2020-09-13 21:24:59', '2020-09-17 21:19:39'),
(335, 59, 'أم زياد الحمرايا', '01512141213', 0.00, '2020-09-13 21:28:45', '2020-09-13 21:29:20'),
(336, 21, 'أم يوسف بوش تبع أم أحمد رئيسه بوش', '01412141213', 150.00, '2020-09-13 21:30:57', '2020-09-14 03:03:24'),
(337, 59, 'أبو عمرو الشرق', '01215142113', 0.00, '2020-09-13 21:33:40', '2020-09-13 21:34:32'),
(338, 59, 'أم محمد صاحبة أم جمال الشرق', '01712121212', 0.00, '2020-09-13 21:38:04', '2020-09-13 21:39:43'),
(339, 59, 'أم جمال الشرق', '01412121212', 0.00, '2020-09-13 21:38:43', '2020-09-13 21:40:17'),
(341, 3, 'نقديه', '01812121212', 563.00, '2020-09-13 21:54:57', '2020-10-13 22:19:53'),
(342, 43, 'الشيخ رمضان الملاحيه', '01312121211', 0.00, '2020-09-13 22:00:11', '2020-09-13 22:00:51'),
(343, 4, 'أم زياد السلخانه', '01312121212', 50.00, '2020-09-13 22:02:02', '2020-09-18 03:29:15'),
(344, 12, 'سلطان الجزيره', '01312121214', 150.00, '2020-09-13 22:03:54', '2020-09-18 03:32:28'),
(345, 3, 'غاليه الشادر', '01312121215', 0.00, '2020-09-13 22:05:20', '2020-09-17 20:29:51'),
(346, 12, 'أحمد شاكر الجزيره', '01312121216', 0.00, '2020-09-13 22:10:41', '2020-09-13 22:12:44'),
(347, 37, 'مصطفى العمده أبو سليم', '01312121217', 375.00, '2020-09-13 22:11:39', '2020-09-13 22:13:36'),
(348, 12, 'خليفه عبود الجزيره', '01214171514', 0.00, '2020-09-14 01:25:45', '2020-09-18 03:33:01'),
(349, 4, 'أم سيد السلخانه', '01512111414', 0.00, '2020-09-14 01:28:26', '2020-09-17 21:04:02'),
(350, 32, 'سهير باروط', '01214121415', 243.00, '2020-09-14 01:31:31', '2020-09-14 01:38:07'),
(351, 4, 'أم ربيع السلخانه', '01712121214', 0.00, '2020-09-14 01:44:13', '2020-09-17 21:04:59'),
(352, 23, 'أم أحمد ثريا إهوه', '01812141412', 0.00, '2020-09-14 04:49:45', '2020-09-14 04:50:16'),
(353, 32, 'أم حامد باروط', '01712121413', 0.00, '2020-09-14 12:19:31', '2020-09-14 12:19:31'),
(354, 3, 'أم أيمن علام الشادر', '01812141215', 0.00, '2020-09-14 12:27:16', '2020-09-14 12:27:16'),
(355, 75, 'أم يوسف نعيم بلبل', '01215141817', 0.00, '2020-09-14 12:41:42', '2020-09-14 12:41:42'),
(356, 28, 'منتصر الروبي الشنويه', '01912141412', 1100.00, '2020-09-14 20:42:34', '2020-09-14 20:57:56'),
(357, 3, 'أحمد خميس الشادر', '01912141712', 0.00, '2020-09-14 20:43:23', '2020-09-14 20:43:23'),
(358, 3, 'أم يوسف الدلوعه الشادر', '01912141215', 0.00, '2020-09-14 20:44:59', '2020-09-14 20:44:59'),
(359, 3, 'عبد الرحمن شريف الشادر', '01912151412', 45.00, '2020-09-14 20:45:42', '2020-09-17 19:51:05'),
(360, 58, 'أم محمد حسين بعره', '01912151413', 15.00, '2020-09-14 20:46:37', '2020-09-18 03:39:24'),
(361, 72, 'أم محمد البشري', '01218157214', 0.00, '2020-09-14 20:47:02', '2020-09-14 20:47:02'),
(362, 63, 'أم حسنين مصنع الثلج', '01215141415', 0.00, '2020-09-14 20:47:43', '2020-09-14 20:47:43'),
(363, 24, 'أم عمر دموشيا', '01215181412', 0.00, '2020-09-14 20:48:24', '2020-09-18 22:45:33'),
(364, 7, 'أم مروان شريف باشا', '01812151424', 55.00, '2020-09-14 20:50:29', '2020-09-18 18:45:17'),
(365, 21, 'أحمد خالد بوش بني زايد تبع أم جهاد', '01815141213', 0.00, '2020-09-14 20:51:56', '2020-09-14 20:51:56'),
(366, 21, 'أم محمود سناء بوش بني زايد', '01612121412', 0.00, '2020-09-14 20:53:32', '2020-09-14 20:53:32'),
(367, 33, 'رامي بني عفان', '01612151417', 0.00, '2020-09-14 20:54:20', '2020-09-14 20:54:20'),
(368, 73, 'أم سعيد الأزهري', '01618151412', 0.00, '2020-09-14 20:55:55', '2020-09-18 03:37:36'),
(370, 4, 'أم علاء بوش فاطمه السلخانه', '01812151613', 7.00, '2020-09-17 20:47:48', '2020-09-17 21:06:34'),
(371, 4, 'أم أشرف المقدسه السلخانه', '01814171415', 75.00, '2020-09-17 20:51:19', '2020-09-18 03:25:53'),
(372, 4, 'نعمه أخت سميه السلخانه', '01518171415', 0.00, '2020-09-17 20:52:25', '2020-09-18 03:28:00'),
(373, 4, 'صباح حميدو السلخانه', '01514171512', 45.00, '2020-09-17 20:56:00', '2020-09-18 03:28:45'),
(374, 4, 'آمال أم عبد الله السلخانه', '01218141715', 0.00, '2020-09-17 20:59:16', '2020-09-18 03:30:02'),
(375, 4, 'أم شيماء باروط السلخانه', '01817141512', 30.00, '2020-09-17 21:00:15', '2020-09-17 21:00:15'),
(376, 4, 'عزه باروط السلخانه', '01815121214', 0.00, '2020-09-17 21:02:23', '2020-09-18 03:30:30'),
(377, 12, 'حسن عمران الجزيره', '01912121514', 20.00, '2020-09-17 21:09:08', '2020-09-17 21:09:08'),
(378, 12, 'محمد مصطفى مقبل الجزيره', '01914151718', 0.00, '2020-09-17 21:11:52', '2020-09-18 03:31:34'),
(379, 12, 'خالد حسين الجزيره', '01913121514', 0.00, '2020-09-17 21:12:30', '2020-09-18 03:32:02'),
(380, 75, 'زكريا', '01815121215', 150.00, '2020-09-17 21:28:36', '2020-09-17 21:29:37'),
(381, 75, 'صالحه بلبل', '01815141412', 0.00, '2020-09-17 21:30:27', '2020-09-18 03:34:52'),
(382, 75, 'أم فارس بلبل', '01715121214', 40.00, '2020-09-17 21:33:50', '2020-09-17 21:33:50'),
(383, 72, 'أم أشرف البشري أم شيماء', '01715141214', 100.00, '2020-09-17 21:35:36', '2020-09-17 21:35:36'),
(384, 59, 'أم عمرو الشرق', '01715141212', 155.00, '2020-09-17 21:48:59', '2020-09-17 21:48:59'),
(385, 59, 'أم مصطفى الشرق', '01715151214', 127.00, '2020-09-17 21:56:10', '2020-09-17 21:56:10'),
(386, 59, 'أم حميد تبع إم عمرو الشرق', '01815121417', 35.00, '2020-09-17 21:59:35', '2020-09-17 21:59:35'),
(387, 73, 'أم سيد الأزهري', '01815121412', 30.00, '2020-09-17 22:05:35', '2020-09-17 22:05:35'),
(388, 73, 'أم هند الأزهري', '01215141217', 0.00, '2020-09-17 22:06:11', '2020-09-18 03:37:06'),
(389, 73, 'مصطفى أبو مناع الأزهري', '01512141215', 0.00, '2020-09-17 22:07:33', '2020-09-17 22:07:33'),
(390, 4, 'أم رفعت السلخانه', '01812151818', 0.00, '2020-09-18 03:24:03', '2020-09-18 03:24:35'),
(391, 2, 'أحمد الصحاره', '01815141214', 0.00, '2020-09-18 18:31:19', '2020-09-18 18:31:19'),
(392, 2, 'أم محمد الصحاره', '01915214122', 0.00, '2020-09-18 18:32:18', '2020-09-18 18:32:18'),
(393, 5, 'علي بني هرون', '01625141214', 0.00, '2020-09-18 18:36:12', '2020-09-18 18:36:12'),
(395, 7, 'أم أحمد ربيع شريف باشا', '01815141219', 96.00, '2020-09-18 18:47:26', '2020-09-18 18:47:26'),
(396, 46, 'جابر منقريش', '01815141122', 77.00, '2020-09-18 19:36:45', '2020-09-18 19:36:45'),
(397, 8, 'أحمد محفوظ', '01898653214', 419.00, '2020-09-18 19:40:24', '2020-09-18 19:40:24'),
(398, 10, 'أم سامي طحا', '01215481232', 63.00, '2020-09-18 19:52:44', '2020-09-18 19:52:44'),
(399, 11, 'أم إسراء إبشنا', '01956232523', 50.00, '2020-09-18 20:00:08', '2020-09-18 20:00:08'),
(400, 21, 'أم خالد بوش كوبري الحشيش', '01825325654', 0.00, '2020-09-18 22:12:27', '2020-09-18 22:12:27'),
(401, 21, 'أم جنه بوش', '01985686523', 0.00, '2020-09-18 22:16:58', '2020-09-18 22:16:58'),
(402, 21, 'أم الشحات بوش', '01745232526', 0.00, '2020-09-18 22:18:55', '2020-09-18 22:18:55'),
(403, 22, 'أم أحمد شداد الزيتون', '01815141215', 0.00, '2020-09-18 22:22:15', '2020-09-18 22:22:15'),
(404, 23, 'مصطفى سعد تبع ناديه إهوه', '01518151412', 120.00, '2020-09-18 22:36:57', '2020-09-18 22:36:57'),
(405, 24, 'أم إسلام دموشيا', '01812151417', 30.00, '2020-09-18 22:47:10', '2020-09-18 22:47:10'),
(406, 24, 'أم إيهاب دموشيا', '01515121412', 65.00, '2020-09-18 22:56:38', '2020-09-18 22:56:38');

-- --------------------------------------------------------

--
-- Table structure for table `users`
--

CREATE TABLE `users` (
  `id` bigint(20) UNSIGNED NOT NULL,
  `name` varchar(191) COLLATE utf8mb4_unicode_ci NOT NULL,
  `email` varchar(191) COLLATE utf8mb4_unicode_ci NOT NULL,
  `email_verified_at` timestamp NULL DEFAULT NULL,
  `password` varchar(191) COLLATE utf8mb4_unicode_ci NOT NULL,
  `remember_token` varchar(100) COLLATE utf8mb4_unicode_ci DEFAULT NULL,
  `created_at` timestamp NULL DEFAULT NULL,
  `updated_at` timestamp NULL DEFAULT NULL
) ENGINE=InnoDB DEFAULT CHARSET=utf8mb4 COLLATE=utf8mb4_unicode_ci;

--
-- Dumping data for table `users`
--

INSERT INTO `users` (`id`, `name`, `email`, `email_verified_at`, `password`, `remember_token`, `created_at`, `updated_at`) VALUES
(1, 'mohamed farouk', 'mohamedfarouk@shader.com', NULL, '$2y$10$XBaUTgz0IiC6jxWGfg3EZu/M2zKkITqDqAmJmK4zzNfLMXhb4xZ.q', NULL, '2020-09-01 15:40:11', '2020-09-01 15:40:11'),
(2, 'username', 'mansour@yahoo.com', NULL, '$2y$10$EGCpn.WQOsY3ADT8MjVNDu6J/NXXnRKRFPmAf/QQ093vgzON8/XZy', NULL, '2020-09-01 19:37:42', '2020-09-01 19:37:42'),
(3, 'username', 'a@yahoo.com', NULL, '$2y$10$7JIxTdW/mO7HmnPMJbhDCOAFPFoH8oTpFgxDXZvyo/FkhIP8qygLq', NULL, '2020-09-11 17:48:21', '2020-09-11 17:48:21');

--
-- Indexes for dumped tables
--

--
-- Indexes for table `collecting_deals`
--
ALTER TABLE `collecting_deals`
  ADD PRIMARY KEY (`id`),
  ADD KEY `collecting_deals_trader_id_foreign` (`trader_id`),
  ADD KEY `collecting_deals_container_id_foreign` (`container_id`);

--
-- Indexes for table `containers`
--
ALTER TABLE `containers`
  ADD PRIMARY KEY (`id`);

--
-- Indexes for table `container_traders`
--
ALTER TABLE `container_traders`
  ADD PRIMARY KEY (`id`),
  ADD KEY `container_traders_trader_id_foreign` (`trader_id`),
  ADD KEY `container_traders_container_id_foreign` (`container_id`);

--
-- Indexes for table `contents`
--
ALTER TABLE `contents`
  ADD PRIMARY KEY (`id`);

--
-- Indexes for table `failed_jobs`
--
ALTER TABLE `failed_jobs`
  ADD PRIMARY KEY (`id`);

--
-- Indexes for table `migrations`
--
ALTER TABLE `migrations`
  ADD PRIMARY KEY (`id`);

--
-- Indexes for table `oauth_access_tokens`
--
ALTER TABLE `oauth_access_tokens`
  ADD PRIMARY KEY (`id`),
  ADD KEY `oauth_access_tokens_user_id_index` (`user_id`);

--
-- Indexes for table `oauth_auth_codes`
--
ALTER TABLE `oauth_auth_codes`
  ADD PRIMARY KEY (`id`),
  ADD KEY `oauth_auth_codes_user_id_index` (`user_id`);

--
-- Indexes for table `oauth_clients`
--
ALTER TABLE `oauth_clients`
  ADD PRIMARY KEY (`id`),
  ADD KEY `oauth_clients_user_id_index` (`user_id`);

--
-- Indexes for table `oauth_personal_access_clients`
--
ALTER TABLE `oauth_personal_access_clients`
  ADD PRIMARY KEY (`id`);

--
-- Indexes for table `oauth_refresh_tokens`
--
ALTER TABLE `oauth_refresh_tokens`
  ADD PRIMARY KEY (`id`),
  ADD KEY `oauth_refresh_tokens_access_token_id_index` (`access_token_id`);

--
-- Indexes for table `password_resets`
--
ALTER TABLE `password_resets`
  ADD KEY `password_resets_email_index` (`email`);

--
-- Indexes for table `purchasing_deals`
--
ALTER TABLE `purchasing_deals`
  ADD PRIMARY KEY (`id`),
  ADD KEY `purchasing_deals_container_id_foreign` (`container_id`),
  ADD KEY `purchasing_deals_content_id_foreign` (`content_id`);

--
-- Indexes for table `regions`
--
ALTER TABLE `regions`
  ADD PRIMARY KEY (`id`);

--
-- Indexes for table `selling_deals`
--
ALTER TABLE `selling_deals`
  ADD PRIMARY KEY (`id`),
  ADD KEY `selling_deals_trader_id_foreign` (`trader_id`),
  ADD KEY `selling_deals_container_id_foreign` (`container_id`),
  ADD KEY `selling_deals_content_id_foreign` (`content_id`);

--
-- Indexes for table `subregions`
--
ALTER TABLE `subregions`
  ADD PRIMARY KEY (`id`),
  ADD KEY `subregions_region_id_foreign` (`region_id`);

--
-- Indexes for table `traders`
--
ALTER TABLE `traders`
  ADD PRIMARY KEY (`id`),
  ADD KEY `traders_subregion_id_foreign` (`subregion_id`);

--
-- Indexes for table `users`
--
ALTER TABLE `users`
  ADD PRIMARY KEY (`id`),
  ADD UNIQUE KEY `users_email_unique` (`email`);

--
-- AUTO_INCREMENT for dumped tables
--

--
-- AUTO_INCREMENT for table `collecting_deals`
--
ALTER TABLE `collecting_deals`
  MODIFY `id` bigint(20) UNSIGNED NOT NULL AUTO_INCREMENT;

--
-- AUTO_INCREMENT for table `containers`
--
ALTER TABLE `containers`
  MODIFY `id` bigint(20) UNSIGNED NOT NULL AUTO_INCREMENT, AUTO_INCREMENT=3;

--
-- AUTO_INCREMENT for table `container_traders`
--
ALTER TABLE `container_traders`
  MODIFY `id` bigint(20) UNSIGNED NOT NULL AUTO_INCREMENT, AUTO_INCREMENT=360;

--
-- AUTO_INCREMENT for table `contents`
--
ALTER TABLE `contents`
  MODIFY `id` bigint(20) UNSIGNED NOT NULL AUTO_INCREMENT, AUTO_INCREMENT=3;

--
-- AUTO_INCREMENT for table `failed_jobs`
--
ALTER TABLE `failed_jobs`
  MODIFY `id` bigint(20) UNSIGNED NOT NULL AUTO_INCREMENT;

--
-- AUTO_INCREMENT for table `migrations`
--
ALTER TABLE `migrations`
  MODIFY `id` int(10) UNSIGNED NOT NULL AUTO_INCREMENT, AUTO_INCREMENT=179;

--
-- AUTO_INCREMENT for table `oauth_clients`
--
ALTER TABLE `oauth_clients`
  MODIFY `id` bigint(20) UNSIGNED NOT NULL AUTO_INCREMENT, AUTO_INCREMENT=7;

--
-- AUTO_INCREMENT for table `oauth_personal_access_clients`
--
ALTER TABLE `oauth_personal_access_clients`
  MODIFY `id` bigint(20) UNSIGNED NOT NULL AUTO_INCREMENT, AUTO_INCREMENT=4;

--
-- AUTO_INCREMENT for table `purchasing_deals`
--
ALTER TABLE `purchasing_deals`
  MODIFY `id` bigint(20) UNSIGNED NOT NULL AUTO_INCREMENT, AUTO_INCREMENT=4;

--
-- AUTO_INCREMENT for table `regions`
--
ALTER TABLE `regions`
  MODIFY `id` bigint(20) UNSIGNED NOT NULL AUTO_INCREMENT, AUTO_INCREMENT=3;

--
-- AUTO_INCREMENT for table `selling_deals`
--
ALTER TABLE `selling_deals`
  MODIFY `id` bigint(20) UNSIGNED NOT NULL AUTO_INCREMENT, AUTO_INCREMENT=56;

--
-- AUTO_INCREMENT for table `subregions`
--
ALTER TABLE `subregions`
  MODIFY `id` bigint(20) UNSIGNED NOT NULL AUTO_INCREMENT, AUTO_INCREMENT=76;

--
-- AUTO_INCREMENT for table `traders`
--
ALTER TABLE `traders`
  MODIFY `id` bigint(20) UNSIGNED NOT NULL AUTO_INCREMENT, AUTO_INCREMENT=407;

--
-- AUTO_INCREMENT for table `users`
--
ALTER TABLE `users`
  MODIFY `id` bigint(20) UNSIGNED NOT NULL AUTO_INCREMENT, AUTO_INCREMENT=4;

--
-- Constraints for dumped tables
--

--
-- Constraints for table `collecting_deals`
--
ALTER TABLE `collecting_deals`
  ADD CONSTRAINT `collecting_deals_container_id_foreign` FOREIGN KEY (`container_id`) REFERENCES `containers` (`id`) ON DELETE CASCADE,
  ADD CONSTRAINT `collecting_deals_trader_id_foreign` FOREIGN KEY (`trader_id`) REFERENCES `traders` (`id`) ON DELETE CASCADE;

--
-- Constraints for table `container_traders`
--
ALTER TABLE `container_traders`
  ADD CONSTRAINT `container_traders_container_id_foreign` FOREIGN KEY (`container_id`) REFERENCES `containers` (`id`) ON DELETE CASCADE,
  ADD CONSTRAINT `container_traders_trader_id_foreign` FOREIGN KEY (`trader_id`) REFERENCES `traders` (`id`) ON DELETE CASCADE;

--
-- Constraints for table `purchasing_deals`
--
ALTER TABLE `purchasing_deals`
  ADD CONSTRAINT `purchasing_deals_container_id_foreign` FOREIGN KEY (`container_id`) REFERENCES `containers` (`id`) ON DELETE CASCADE,
  ADD CONSTRAINT `purchasing_deals_content_id_foreign` FOREIGN KEY (`content_id`) REFERENCES `contents` (`id`) ON DELETE CASCADE;

--
-- Constraints for table `selling_deals`
--
ALTER TABLE `selling_deals`
  ADD CONSTRAINT `selling_deals_container_id_foreign` FOREIGN KEY (`container_id`) REFERENCES `containers` (`id`) ON DELETE CASCADE,
  ADD CONSTRAINT `selling_deals_content_id_foreign` FOREIGN KEY (`content_id`) REFERENCES `contents` (`id`) ON DELETE CASCADE,
  ADD CONSTRAINT `selling_deals_trader_id_foreign` FOREIGN KEY (`trader_id`) REFERENCES `traders` (`id`) ON DELETE CASCADE;

--
-- Constraints for table `subregions`
--
ALTER TABLE `subregions`
  ADD CONSTRAINT `subregions_region_id_foreign` FOREIGN KEY (`region_id`) REFERENCES `regions` (`id`) ON DELETE CASCADE;

--
-- Constraints for table `traders`
--
ALTER TABLE `traders`
  ADD CONSTRAINT `traders_subregion_id_foreign` FOREIGN KEY (`subregion_id`) REFERENCES `subregions` (`id`) ON DELETE CASCADE;
COMMIT;

/*!40101 SET CHARACTER_SET_CLIENT=@OLD_CHARACTER_SET_CLIENT */;
/*!40101 SET CHARACTER_SET_RESULTS=@OLD_CHARACTER_SET_RESULTS */;
/*!40101 SET COLLATION_CONNECTION=@OLD_COLLATION_CONNECTION */;
