--
-- Dumping data for table `oauth_access_tokens`
--

	INSERT INTO `oauth_access_tokens` (`id`, `user_id`, `client_id`, `name`, `scopes`, `revoked`, `created_at`, `updated_at`, `expires_at`) VALUES
		('05de249074c7e6d3e40797a0929a12d371d117ab91fd318675a07064decfc92e00771dda0535d36f', 2, 3, 'authToken', '[]', 0, '2020-08-30 05:37:06', '2020-08-30 05:37:06', '2021-08-29 22:37:06'),
		('0cd8592b91389b0546191adc29de5b7e36d108a7929e621fdf305c582a190f60e9252ad2d7610598', 1, 3, 'authToken', '[]', 0, '2020-09-13 01:38:17', '2020-09-13 01:38:17', '2021-09-12 18:38:17'),
		('138c34331980476b888b329a94a61fb53f08e2848e9be16b619a5bbf75b152479be909512c576dcf', 1, 1, 'authToken', '[]', 0, '2020-08-10 05:33:29', '2020-08-10 05:33:29', '2021-08-10 09:33:29'),
		('167db19a8ccb203c221b53a01399b5363db0fdbbcd082b427bc3c27d48713f2d430c2ec912870f8a', 2, 3, 'authToken', '[]', 0, '2020-08-30 05:40:38', '2020-08-30 05:40:38', '2021-08-29 22:40:38'),
		('18a62e8c2ae04daa4f2db763975db2daf8a172822e57c626727b188f6b3d56db5e255e386db6403e', 1, 3, 'authToken', '[]', 0, '2020-09-02 19:54:05', '2020-09-02 19:54:05', '2021-09-02 12:54:05'),
		('1ca9b84afe155f96a0a322970aba1b8528642becc82ec6db4954f5ec4d11a990e876fcf395cb2ce0', 3, 3, 'authToken', '[]', 0, '2020-08-30 05:41:30', '2020-08-30 05:41:30', '2021-08-29 22:41:30'),
		('1f39b48ab53b31bebeb68649e16b20ecf06a95dd850c31dbcaabf122058101e8204e4ece40149df1', 1, 1, 'authToken', '[]', 0, '2020-07-23 10:23:42', '2020-07-23 10:23:42', '2021-07-23 14:23:42'),
		('233ca350b805e169db8e172c0a7754bb68fc07c5f5f67ee3bea3c6797de30e6efcb49d8a9b160af6', 3, 3, 'authToken', '[]', 0, '2020-09-11 20:48:23', '2020-09-11 20:48:23', '2021-09-11 13:48:23'),
		('2681e3ff8991746234ce9259a44c8db017df6a47ff32fd7bd7363db4bfec4e42b64b1127f2cb2196', 2, 3, 'authToken', '[]', 0, '2020-08-31 12:22:33', '2020-08-31 12:22:33', '2021-08-31 05:22:33'),
		('39c4ae423e34c7dadaee75bf9895394f2c41aabb886af93e0711a5cfa0768e5da39429244b2f4a31', 1, 3, 'authToken', '[]', 0, '2020-09-12 00:15:22', '2020-09-12 00:15:22', '2021-09-11 17:15:22'),
		('3a742a7fe883dfbb32f93d227e3ed51673cee2b9fc300e780c65387d30042f1b88c05450a88735c2', 1, 3, 'authToken', '[]', 0, '2020-09-13 01:31:08', '2020-09-13 01:31:08', '2021-09-12 18:31:08'),
		('405e36faf04ce635085e2629b6f57ced65ac8ffae1ed66005f2ae885bf7c2018c24f0541a6624557', 1, 3, 'authToken', '[]', 0, '2020-09-02 18:08:04', '2020-09-02 18:08:04', '2021-09-02 11:08:04'),
		('4299af399ab635967e4e6904116936dcefab67918af7c2039a6d8dda2aef105b3cf51ea6382ef3ef', 1, 3, 'authToken', '[]', 0, '2020-09-02 20:08:22', '2020-09-02 20:08:22', '2021-09-02 13:08:22'),
		('5180c06bfddf08714d006493834ef1dfeb5d974493cc0f5b54f674028b7378d5842d18d03f166fac', 2, 3, 'authToken', '[]', 0, '2020-08-30 05:41:16', '2020-08-30 05:41:16', '2021-08-29 22:41:16'),
		('520e49bb485872addc06187256fed146044a67372a90e4ad945e98c47fa76b4e8b072d4fbaad00ca', 1, 1, 'authToken', '[]', 0, '2020-07-22 14:21:11', '2020-07-22 14:21:11', '2021-07-22 18:21:11'),
		('532ed3c000ccaf383c4334790592209e5cab27d5129b469236e393cfff1562b5494fa2cf961e7bfa', 1, 3, 'authToken', '[]', 0, '2020-09-11 23:51:02', '2020-09-11 23:51:02', '2021-09-11 16:51:02'),
		('6671a186e7cf261dad29ca2d7eaabcc75e30568fe868e8a1e6790677aee8fedbf39169a5e2be87c5', 1, 3, 'authToken', '[]', 0, '2020-08-23 14:49:49', '2020-08-23 14:49:49', '2021-08-23 16:49:49'),
		('82f9db991441d7766946d3da82749c6671278d57dbfe9dae36ea32a2c71d78695fc543e2ea5aa7dc', 1, 3, 'authToken', '[]', 0, '2020-09-01 18:57:22', '2020-09-01 18:57:22', '2021-09-01 11:57:22'),
		('98ad0fc49ef70cb5e98bd132687dcf20fdc7f876c39cf9bc71b3947c025284785896bbe685bb5a23', 1, 3, 'authToken', '[]', 0, '2020-09-30 23:54:02', '2020-09-30 23:54:02', '2021-09-30 16:54:02'),
		('99dbf472b84925ee249003d32ad6d5c096a3bcad89c1a60b390861fb09710695c3cccc53081c9be9', 2, 3, 'authToken', '[]', 0, '2020-09-01 22:37:42', '2020-09-01 22:37:42', '2021-09-01 15:37:42'),
		('a03acb625e26dfef9dde28d821dc49615c9f4cbd00e837b9b0ac2a8dfc32d0084291092f76d56a77', 2, 3, 'authToken', '[]', 0, '2020-08-29 17:56:14', '2020-08-29 17:56:14', '2021-08-29 10:56:14'),
		('a2a5ddf3c9ce5f02fa40c12aa500409d9437e9e9b8d5ae9d4babf9baddde4c7a92f82cce40209d46', 1, 1, 'authToken', '[]', 0, '2020-07-22 14:21:28', '2020-07-22 14:21:28', '2021-07-22 18:21:28'),
		('a5cda9ab0a8221ac0ea865af0d0a68e22ff8488c2b0a8dd70fb1013a88fc3305693a14c712c22e3f', 2, 3, 'authToken', '[]', 0, '2020-09-01 22:42:58', '2020-09-01 22:42:58', '2021-09-01 15:42:58'),
		('a636483a0811186e1fb8525374c8b8ef081409afd5c9b67d699258cb30bf7984effeebd5b66fc9eb', 2, 3, 'authToken', '[]', 0, '2020-08-31 11:19:00', '2020-08-31 11:19:00', '2021-08-31 04:19:00'),
		('c10852a25f07c7b537b5f2bf59ede6fdac9f657bb63c52274773f57b5b8e2aaaeef432fc6dba8f77', 2, 3, 'authToken', '[]', 0, '2020-08-24 05:56:38', '2020-08-24 05:56:38', '2021-08-23 22:56:38'),
		('c5a29c6fd2daf33fe607bfb1230cd4442360e3da0c0bab406216091f6a55441edabb710e6f132464', 2, 3, 'authToken', '[]', 0, '2020-09-01 08:26:29', '2020-09-01 08:26:29', '2021-09-01 01:26:29'),
		('cb5c0c013c6c817c1d32d9d5e44258e0c4898ef4c25c68f2ee246d7ea4b339101b49f3910a98c8da', 2, 3, 'authToken', '[]', 0, '2020-08-30 10:25:51', '2020-08-30 10:25:51', '2021-08-30 03:25:51'),
		('ccb0e19b66f7ab14d55b832941b2cb1e6180ed68786c12b857b4c3a4f774035edc04ef87f7fc86a7', 1, 3, 'authToken', '[]', 0, '2020-09-30 23:54:37', '2020-09-30 23:54:37', '2021-09-30 16:54:37'),
		('d6900ecb8c37a864964de83ee84efd617aaa15d6022aa35dcf7d3d8d663711dd4278f0d52e699b8b', 1, 3, 'authToken', '[]', 0, '2020-09-30 00:55:52', '2020-09-30 00:55:52', '2021-09-29 17:55:52'),
		('da9ec28e4f120497e9acff28543b35ab35415b134f0fa108a957f2d451cb256e1daaf25216fef81f', 2, 3, 'authToken', '[]', 0, '2020-08-29 07:18:59', '2020-08-29 07:18:59', '2021-08-29 00:18:59'),
		('de7142998dc9d940ba6aa96cd6ce48eae039dae044f967ac2eb502c14869c015bd3b5a6313498287', 1, 3, 'authToken', '[]', 0, '2020-09-01 22:01:34', '2020-09-01 22:01:34', '2021-09-01 15:01:34'),
		('dfcc0067b97434a86bcf66413777de5a6944c22173befbaebde3f83c3bb95fcd1df32ebe8afed335', 2, 3, 'authToken', '[]', 0, '2020-08-30 05:51:05', '2020-08-30 05:51:05', '2021-08-29 22:51:05'),
		('e97db92ce2920718cee3b8ced87a6ccd9ef9b40a7599889040ea12305edc79dd77496e8952204d36', 1, 3, 'authToken', '[]', 0, '2020-09-01 18:40:12', '2020-09-01 18:40:12', '2021-09-01 11:40:12'),
		('ff98c2fc0c7055a36c1561bce5fee2375a0baa5ac47ef1ab55bf47573d12ca34c1542c8769f6146f', 1, 1, 'authToken', '[]', 0, '2020-07-22 14:13:02', '2020-07-22 14:13:02', '2021-07-22 18:13:02');

-- --------------------------------------------------------

--
-- Dumping data for table `oauth_clients`
--

	INSERT INTO `oauth_clients` (`id`, `user_id`, `name`, `secret`, `provider`, `redirect`, `personal_access_client`, `password_client`, `revoked`, `created_at`, `updated_at`) VALUES
		(1, NULL, 'Laravel Personal Access Client', 'uSJNeZgpQxC1Pgh0HNtgmmXYWP1HgAcPt64vhgAe', NULL, 'http://localhost', 1, 0, 0, '2020-07-22 14:12:48', '2020-07-22 14:12:48'),
		(2, NULL, 'Laravel Password Grant Client', 'YbPrtWaEAONuDg6wx6hN2bzfWTkachx16Gos0HgL', 'users', 'http://localhost', 0, 1, 0, '2020-07-22 14:12:48', '2020-07-22 14:12:48'),
		(3, NULL, 'Laravel Personal Access Client', 'UFJfxnXTaIGxjM5r0EAHvH2R3OsaEhgzn3KMvxQ7', NULL, 'http://localhost', 1, 0, 0, '2020-08-23 13:49:37', '2020-08-23 13:49:37'),
		(4, NULL, 'Laravel Password Grant Client', 'Pb4Fzd34LCdHlVOk3x49fHlSBcZw7p5vFclkGB91', 'users', 'http://localhost', 0, 1, 0, '2020-08-23 13:49:37', '2020-08-23 13:49:37');

-- --------------------------------------------------------

--
-- Dumping data for table `oauth_personal_access_clients`
--

	INSERT INTO `oauth_personal_access_clients` (`id`, `client_id`, `created_at`, `updated_at`) VALUES
		(1, 1, '2020-07-22 14:12:48', '2020-07-22 14:12:48'),
		(2, 3, '2020-08-23 13:49:37', '2020-08-23 13:49:37');

-- --------------------------------------------------------

--
-- Dumping data for table `users`
--

	INSERT INTO `users` (`id`, `name`, `email`, `email_verified_at`, `password`, `remember_token`, `created_at`, `updated_at`) VALUES
		(1, 'mohamed farouk', 'mohamedfarouk@shader.com', NULL, '$2y$10$XBaUTgz0IiC6jxWGfg3EZu/M2zKkITqDqAmJmK4zzNfLMXhb4xZ.q', NULL, '2020-09-01 17:40:11', '2020-09-01 17:40:11'),
		(2, 'username', 'mansour@yahoo.com', NULL, '$2y$10$EGCpn.WQOsY3ADT8MjVNDu6J/NXXnRKRFPmAf/QQ093vgzON8/XZy', NULL, '2020-09-01 21:37:42', '2020-09-01 21:37:42'),
		(3, 'username', 'a@yahoo.com', NULL, '$2y$10$7JIxTdW/mO7HmnPMJbhDCOAFPFoH8oTpFgxDXZvyo/FkhIP8qygLq', NULL, '2020-09-11 19:48:21', '2020-09-11 19:48:21');

-- --------------------------------------------------------

--
-- Dumping data for table `containers`
--

	INSERT INTO `containers` (`id`, `title_en`, `title_ar`, `created_at`, `updated_at`) VALUES
		(1, 'bxes', 'عدايات', '2020-07-23 12:26:33', '2020-07-23 12:26:33'),
		(2, 'praniq', 'برانيق', '2020-07-23 12:36:07', '2020-07-23 12:36:07');

-- --------------------------------------------------------

--
-- Dumping data for table `contents`
--

	INSERT INTO `contents` (`id`, `title_en`, `title_ar`, `created_at`, `updated_at`) VALUES
		(1, 'apple', 'تفاح', '2020-07-23 12:26:33', '2020-07-23 12:26:33'),
		(2, 'orange', 'برتقال', '2020-07-23 12:36:07', '2020-07-23 12:36:07');

-- --------------------------------------------------------

--
-- Dumping data for table `purchasing_deals`
--

	INSERT INTO `purchasing_deals` (`id`, `car_number`, `seller_name`, `container_id`, `content_id`, `total_containers`, `remaining_containers`, `created_at`, `updated_at`) VALUES
		(1, 1, 'محمد عبد العاطي', 1, 1, 263, 0, '2020-09-13 23:05:50', '2020-09-14 03:44:51'),
		(2, 2, 'المعلم رمضان', 1, 1, 269, 0, '2020-09-14 19:18:22', '2020-09-17 21:45:22'),
		(3, 3, 'ق', 1, 1, 30, 0, '2020-09-24 00:57:04', '2020-10-14 00:19:53');

-- --------------------------------------------------------

--
-- Dumping data for table `regions`
--

	INSERT INTO `regions` (`id`, `title_en`, `title_ar`, `created_at`, `updated_at`) VALUES
		(1, 'alariaf', 'الارياف', '2020-07-23 10:26:33', '2020-07-23 10:26:33'),
		(2, 'bander', 'البندر', '2020-07-23 10:36:07', '2020-07-23 10:36:07');

-- --------------------------------------------------------

--
-- Dumping data for table `subregions`
--

	INSERT INTO `subregions` (`id`, `region_id`, `title_en`, `title_ar`, `created_at`, `updated_at`) VALUES
		(2, 1, 'الصحاره', 'الصحاره', '2020-09-01 17:58:38', '2020-09-01 17:58:38'),
		(3, 2, 'الشادر', 'الشادر', '2020-09-01 17:58:57', '2020-09-01 17:58:57'),
		(4, 2, 'السلخانه', 'السلخانه', '2020-09-01 17:59:10', '2020-09-01 17:59:10'),
		(5, 1, 'بني هرون', 'بني هرون', '2020-09-01 20:52:39', '2020-09-01 20:52:39'),
		(6, 1, 'الكوم الأحمر', 'الكوم الأحمر', '2020-09-01 20:53:12', '2020-09-01 20:53:12'),
		(7, 1, 'شريف باشا', 'شريف باشا', '2020-09-01 20:53:49', '2020-09-01 20:53:49'),
		(8, 1, 'الحلابيه', 'الحلابيه', '2020-09-01 20:54:19', '2020-09-01 20:54:19'),
		(9, 1, 'البساتين', 'البساتين', '2020-09-01 20:54:36', '2020-09-01 20:54:36'),
		(10, 1, 'طحا بوش', 'طحا بوش', '2020-09-01 20:55:20', '2020-09-01 20:55:20'),
		(11, 1, 'إبشنا', 'إبشنا', '2020-09-01 20:55:51', '2020-09-01 20:55:51'),
		(12, 2, 'الجزيره', 'الجزيره', '2020-09-01 21:03:45', '2020-09-01 21:03:45'),
		(13, 2, 'بني عطيه', 'بني عطيه', '2020-09-01 21:06:07', '2020-09-01 21:06:07'),
		(14, 2, 'الحميات', 'الحميات', '2020-09-01 21:06:32', '2020-09-01 21:06:32'),
		(15, 2, 'بدرخان', 'بدرخان', '2020-09-01 21:06:42', '2020-09-01 21:06:42'),
		(20, 1, 'ظلطه', 'ظلطه', '2020-09-01 22:50:59', '2020-09-01 22:50:59'),
		(21, 1, 'بوش', 'بوش', '2020-09-01 22:51:12', '2020-09-01 22:51:12'),
		(22, 1, 'الزيتون', 'الزيتون', '2020-09-01 22:51:48', '2020-09-01 22:51:48'),
		(23, 1, 'إهوه', 'إهوه', '2020-09-01 22:52:11', '2020-09-01 22:52:11'),
		(24, 1, 'دموشيا', 'دموشيا', '2020-09-01 22:52:32', '2020-09-01 22:52:32'),
		(25, 1, 'إهناسيا الخضراء', 'إهناسيا الخضراء', '2020-09-01 22:53:09', '2020-09-01 22:53:09'),
		(26, 1, 'نعيم', 'نعيم', '2020-09-01 22:53:24', '2020-09-01 22:53:24'),
		(27, 1, 'السعادنا', 'السعادنا', '2020-09-01 22:53:42', '2020-09-01 22:53:42'),
		(28, 1, 'الشنويه', 'الشنويه', '2020-09-01 22:54:07', '2020-09-01 22:54:07'),
		(29, 1, 'باها', 'باها', '2020-09-01 22:54:25', '2020-09-01 22:54:25'),
		(30, 1, 'الحاجر', 'الحاجر', '2020-09-01 22:54:44', '2020-09-01 22:54:44'),
		(31, 1, 'الدوالطه', 'الدوالطه', '2020-09-01 22:55:08', '2020-09-01 22:55:08'),
		(32, 1, 'باروط', 'باروط', '2020-09-01 22:55:39', '2020-09-01 22:55:39'),
		(33, 1, 'بني عفان', 'بني عفان', '2020-09-01 22:56:23', '2020-09-01 22:56:23'),
		(34, 1, 'بني بخيت', 'بني بخيت', '2020-09-01 22:56:42', '2020-09-01 22:56:42'),
		(35, 1, 'الحكامنا', 'الحكامنا', '2020-09-01 22:57:03', '2020-09-01 22:57:03'),
		(36, 1, 'منشأة حيدر يكن', 'منشأة حيدر يكن', '2020-09-01 22:59:40', '2020-09-01 22:59:40'),
		(37, 1, 'أبو سليم', 'أبو سليم', '2020-09-01 23:01:10', '2020-09-01 23:01:10'),
		(38, 1, 'الشيخ علي', 'الشيخ علي', '2020-09-01 23:01:31', '2020-09-01 23:01:31'),
		(39, 1, 'بلفيا', 'بلفيا', '2020-09-01 23:01:51', '2020-09-01 23:01:51'),
		(40, 1, 'شاويش', 'شاويش', '2020-09-01 23:02:06', '2020-09-01 23:02:06'),
		(41, 1, 'الزرابي', 'الزرابي', '2020-09-01 23:02:20', '2020-09-01 23:02:20'),
		(42, 1, 'الدويه', 'الدويه', '2020-09-01 23:02:40', '2020-09-01 23:02:40'),
		(43, 1, 'الملاحيه', 'الملاحيه', '2020-09-01 23:03:11', '2020-09-01 23:03:11'),
		(44, 1, 'بهبشين', 'بهبشين', '2020-09-01 23:03:30', '2020-09-01 23:03:30'),
		(45, 1, 'عزبة عويس', 'عزبة عويس', '2020-09-01 23:03:50', '2020-09-01 23:03:50'),
		(46, 1, 'منقريش', 'منقريش', '2020-09-01 23:04:04', '2020-09-01 23:04:04'),
		(47, 1, 'قمبش', 'قمبش', '2020-09-01 23:04:40', '2020-09-01 23:04:40'),
		(48, 1, 'بني أحمد', 'بني أحمد', '2020-09-01 23:04:54', '2020-09-01 23:04:54'),
		(49, 1, 'بني حمد', 'بني حمد', '2020-09-01 23:05:22', '2020-09-01 23:05:22'),
		(50, 1, 'النويره', 'النويره', '2020-09-01 23:05:40', '2020-09-01 23:05:40'),
		(51, 1, 'دنديل', 'دنديل', '2020-09-01 23:06:13', '2020-09-01 23:06:13'),
		(53, 2, 'الشاملة و النخ', 'الشاملة و النخ', '2020-09-01 23:12:21', '2020-09-01 23:12:21'),
		(54, 2, 'الروضه', 'الروضه', '2020-09-01 23:16:33', '2020-09-01 23:16:33'),
		(58, 2, 'بعره', 'بعره', '2020-09-01 23:40:54', '2020-09-01 23:40:54'),
		(59, 2, 'الشرق', 'الشرق', '2020-09-01 23:41:09', '2020-09-01 23:41:09'),
		(60, 2, 'بني سليمان', 'بني سليمان', '2020-09-01 23:41:29', '2020-09-01 23:41:29'),
		(61, 2, 'الحمرايا', 'الحمرايا', '2020-09-01 23:41:39', '2020-09-01 23:41:39'),
		(62, 2, 'سنور', 'سنور', '2020-09-01 23:41:56', '2020-09-01 23:41:56'),
		(63, 2, 'الصفيح', 'الصفيح', '2020-09-02 04:25:47', '2020-09-02 04:25:47'),
		(68, 1, 'تزمنت', 'تزمنت', '2020-09-02 19:42:12', '2020-09-02 19:42:12'),
		(69, 1, 'ظاظا', 'ظاظا', '2020-09-05 02:57:17', '2020-09-05 02:57:17'),
		(70, 1, 'المسيد', 'المسيد', '2020-09-05 03:40:36', '2020-09-05 03:40:36'),
		(71, 2, 'الخضار', 'الخضار', '2020-09-11 14:29:18', '2020-09-11 14:29:18'),
		(72, 2, 'البشري', 'البشري', '2020-09-11 14:33:21', '2020-09-11 14:33:21'),
		(73, 2, 'الأزهري', 'الأزهري', '2020-09-11 14:36:16', '2020-09-11 14:36:16'),
		(75, 2, 'بلبل', 'بلبل', '2020-09-12 05:40:59', '2020-09-12 05:40:59');

-- --------------------------------------------------------

--
-- Dumping data for table `traders`
--

	INSERT INTO `traders` (`id`, `subregion_id`, `name`, `phone`, `money_indebtedness`, `created_at`, `updated_at`) VALUES
		(1, 3, 'أم يوسف رجب الشادر', '01015776715', 2.00, '2020-09-01 23:49:15', '2020-09-14 03:58:25'),
		(2, 3, 'أم عبدالرحمن بني هرون الشادر', '01015776716', 497.00, '2020-09-01 23:55:22', '2020-09-17 21:53:05'),
		(3, 3, 'صابر لمونه الشادر', '01015776713', 303.00, '2020-09-01 23:57:14', '2020-09-18 05:20:00'),
		(4, 3, 'أم فرحة الشادر', '01015776712', 325.00, '2020-09-01 23:58:37', '2020-09-17 21:55:12'),
		(5, 3, 'أم محمد وفاء بني بخيت الشادر', '01015776755', 180.00, '2020-09-02 00:02:57', '2020-09-17 21:55:35'),
		(6, 3, 'الجندي تبع رمضان الشريف', '01015776722', 0.00, '2020-09-02 00:04:49', '2020-09-12 04:52:14'),
		(7, 3, 'أم عبده حرم شعبان الشادر', '01015776744', 385.00, '2020-09-02 00:06:02', '2020-09-14 03:53:38'),
		(8, 3, 'أم شعبان الشادر', '01015776733', 40.00, '2020-09-02 00:07:14', '2020-09-18 05:21:16'),
		(9, 3, 'أم أشرف الشادر', '01015776731', 490.00, '2020-09-02 00:10:46', '2020-09-17 21:56:55'),
		(10, 3, 'أم أحمد ملابس الدويه الشادر', '01015776724', 310.00, '2020-09-02 00:13:15', '2020-09-17 21:58:05'),
		(11, 3, 'أم محمود حنان الشادر', '01015226715', 0.00, '2020-09-02 00:21:51', '2020-09-18 05:21:47'),
		(12, 3, 'أم ربيع بني عفان الشادر', '01013376715', 75.00, '2020-09-02 00:23:52', '2020-09-18 05:22:15'),
		(13, 3, 'صابر أيمن حسني الشادر', '01015576715', 165.00, '2020-09-02 00:24:42', '2020-09-17 21:59:37'),
		(14, 3, 'هاله الشادر', '01015788715', 0.00, '2020-09-02 00:25:41', '2020-09-17 22:00:00'),
		(15, 3, 'عزت زين الشادر', '01015886715', 100.00, '2020-09-02 00:32:07', '2020-09-17 22:01:16'),
		(17, 3, 'أم عبدالرحمن بني عفان الشادر', '01158505724', 25.00, '2020-09-02 03:49:56', '2020-09-14 03:58:12'),
		(18, 3, 'كريم المحل الشادر', '01227655255', 300.00, '2020-09-02 03:50:47', '2020-09-17 22:02:46'),
		(19, 3, 'رمضان الشريف الشادر', '01227622755', 35.00, '2020-09-02 03:51:23', '2020-09-14 03:57:59'),
		(20, 3, 'محمد مرزوق الشادر', '01227623755', 0.00, '2020-09-02 03:53:51', '2020-09-14 03:59:33'),
		(21, 3, 'أم شعبان النويره الشادر', '01015776799', 80.00, '2020-09-02 03:55:24', '2020-09-17 22:14:42'),
		(22, 3, 'أم حسن النويره الشادر', '01226255755', 204.00, '2020-09-02 03:57:13', '2020-09-17 22:13:08'),
		(23, 3, 'أم أحمد إسماعيل باروط الشادر', '01227235755', 0.00, '2020-09-02 03:58:18', '2020-09-14 03:58:57'),
		(24, 3, 'أم إياد بني عفان الشادر', '01227885755', 390.00, '2020-09-02 04:00:49', '2020-09-14 03:53:23'),
		(25, 3, 'أم أحمد حفظي بني عفان الشادر', '01227612755', 95.00, '2020-09-02 04:03:14', '2020-09-17 22:28:22'),
		(27, 3, 'ضبش الشادر', '01227655125', 10.00, '2020-09-02 04:06:18', '2020-09-17 22:27:07'),
		(28, 3, 'أحمد رشوان الشادر', '01227465755', 0.00, '2020-09-02 04:07:15', '2020-09-17 21:56:19'),
		(29, 3, 'أم كريم علام الشادر', '01227625755', 0.00, '2020-09-02 04:10:55', '2020-09-14 03:59:47'),
		(30, 4, 'أم أكرم السلخانه', '01467625755', 457.00, '2020-09-02 04:18:35', '2020-09-17 22:46:30'),
		(31, 4, 'سميه السلخانه', '01227658655', 5.00, '2020-09-02 04:20:48', '2020-09-18 05:26:38'),
		(32, 4, 'إيمان باروط السلخانه', '01227678655', 0.00, '2020-09-02 04:22:22', '2020-09-12 05:08:27'),
		(34, 63, 'أم فتحي الصفيح', '01227653355', 0.00, '2020-09-02 04:29:58', '2020-09-17 23:20:41'),
		(35, 4, 'ليلى باروط السلخانه', '01227555755', 0.00, '2020-09-02 04:39:37', '2020-09-17 23:04:19'),
		(36, 4, 'أم حميد السلخانه', '01158505612', 150.00, '2020-09-02 04:40:34', '2020-09-14 04:42:43'),
		(37, 6, 'أم صدام الكوم', '01015456741', 15.00, '2020-09-04 17:36:18', '2020-09-14 06:26:08'),
		(38, 6, 'محمد ربيع الكوم الاحمر', '01158505656', 0.00, '2020-09-04 17:37:14', '2020-09-14 06:26:53'),
		(39, 6, 'أم محمود البيبس الكوم', '01158343489', 30.00, '2020-09-04 17:38:26', '2020-09-18 20:41:30'),
		(40, 7, 'أم محمد سميره شريف باشا', '01158304389', 80.00, '2020-09-04 17:40:12', '2020-09-14 06:14:20'),
		(41, 7, 'ناديه حماد شريف باشا', '01012121417', 0.00, '2020-09-04 17:43:32', '2020-09-18 20:51:26'),
		(43, 7, 'أم حسن بركه شريف باشا', '01213141713', 0.00, '2020-09-04 17:47:01', '2020-09-18 20:46:08'),
		(44, 7, 'محمد جمعه شريف باشا', '01017151416', 50.00, '2020-09-04 17:48:53', '2020-09-18 20:44:52'),
		(45, 7, 'محمد صلاح شريف باشا', '01217151412', 200.00, '2020-09-04 17:51:05', '2020-09-18 20:50:02'),
		(46, 7, 'محمد علي شريف باشا', '01004040203', 325.00, '2020-09-04 17:52:27', '2020-09-18 20:44:17'),
		(47, 10, 'أم عبير طحا بوش', '01008070568', 20.00, '2020-09-04 17:54:56', '2020-09-14 05:11:07'),
		(48, 10, 'أم أحمد فرج طحا بوش', '01017080907', 0.00, '2020-09-04 17:56:14', '2020-09-18 21:48:46'),
		(49, 10, 'أم محمود طحا بوش', '01012141713', 60.00, '2020-09-04 17:57:40', '2020-09-18 21:49:43'),
		(50, 10, 'كريمه طحا بوش', '01017151413', 40.00, '2020-09-04 17:58:45', '2020-09-18 21:50:25'),
		(51, 10, 'راويه طحا بوش', '01017171514', 0.00, '2020-09-04 18:00:32', '2020-09-18 21:54:24'),
		(52, 10, 'أم حسن طحا', '01214030304', 265.00, '2020-09-04 18:01:39', '2020-09-04 18:01:39'),
		(53, 10, 'أم ميهوب طحا بوش', '01017154230', 0.00, '2020-09-04 18:02:29', '2020-09-18 21:54:06'),
		(54, 10, 'حميده طحا بوش', '01217151430', 140.00, '2020-09-04 18:03:26', '2020-09-18 21:55:35'),
		(55, 10, 'أم خالد طحا بوش', '01517151412', 0.00, '2020-09-04 18:04:34', '2020-09-14 05:11:50'),
		(56, 10, 'أم محمد حسن ريان طحا بوش', '01217151414', 50.00, '2020-09-04 18:05:33', '2020-09-18 21:51:28'),
		(57, 10, 'أم كريم طحا', '01214151612', 0.00, '2020-09-04 18:10:56', '2020-09-04 18:10:56'),
		(63, 11, 'حسن القاضي إبشنا', '10157767145', 270.00, '2020-09-04 21:09:29', '2020-09-18 21:57:53'),
		(64, 11, 'هدى إبشنا', '10157767141', 100.00, '2020-09-04 21:10:17', '2020-09-13 00:34:14'),
		(65, 11, 'أم ربيع إبشنا', '10157767146', 0.00, '2020-09-04 21:11:34', '2020-09-18 21:59:15'),
		(66, 11, 'أم ياسمين إبشنا', '10157767149', 0.00, '2020-09-04 21:12:33', '2020-09-18 21:57:02'),
		(67, 11, 'بنت أم ربيع إبشنا', '10157767143', 76.00, '2020-09-04 21:13:47', '2020-09-04 21:13:47'),
		(68, 11, 'نجاة إبشنا', '10157767144', 0.00, '2020-09-04 21:14:24', '2020-09-18 21:58:20'),
		(69, 11, 'صالحه إبشنا', '10157767147', 0.00, '2020-09-04 21:15:30', '2020-09-04 21:15:30'),
		(70, 21, 'صباح أو يوسف بوش', '10157767148', 20.00, '2020-09-04 21:16:18', '2020-09-14 05:04:06'),
		(71, 21, 'أم خليل بوش', '10157767111', 30.00, '2020-09-04 21:17:08', '2020-09-04 21:17:08'),
		(72, 21, 'أم أحمد رئيسه بوش', '10157767112', 550.00, '2020-09-04 21:18:07', '2020-09-18 22:04:51'),
		(73, 21, 'أميره بوش', '10157767113', 25.00, '2020-09-04 21:19:07', '2020-09-13 01:18:59'),
		(74, 21, 'أم رجب نوره بوش', '10157767114', 0.00, '2020-09-04 21:20:08', '2020-09-14 05:05:15'),
		(75, 21, 'نعمه بوش', '10157767115', 0.00, '2020-09-04 21:22:05', '2020-09-19 00:10:02'),
		(76, 21, 'أم يوسف جمعه تبع أم جهاد بوش', '10157767117', 225.00, '2020-09-04 21:23:08', '2020-09-18 22:03:46'),
		(77, 21, 'أم محمد نسمه بوش', '10157767118', 26.00, '2020-09-04 21:23:43', '2020-09-19 00:09:38'),
		(78, 21, 'زيناهم بوش', '10157767119', 0.00, '2020-09-04 21:24:22', '2020-09-19 00:11:19'),
		(79, 21, 'نجفه بوش', '10157767120', 0.00, '2020-09-04 21:24:57', '2020-09-14 05:04:18'),
		(80, 21, 'أم بدوي بوش', '10157767121', 0.00, '2020-09-04 21:25:30', '2020-09-19 00:13:56'),
		(81, 21, 'أم شريف بوش', '10157767122', 0.00, '2020-09-04 21:26:20', '2020-09-04 21:26:20'),
		(82, 21, 'أم جهاد بوش', '10157767123', 0.00, '2020-09-04 21:27:08', '2020-09-19 00:14:51'),
		(83, 21, 'أم وقال أم أنس', '10157767124', 0.00, '2020-09-04 21:27:50', '2020-09-04 21:27:50'),
		(84, 22, 'أم حسين الزيتون', '10157767125', 395.00, '2020-09-04 21:28:55', '2020-09-19 00:20:40'),
		(85, 22, 'أم عادلي الزيتون', '10157767126', 0.00, '2020-09-04 21:29:31', '2020-09-14 06:23:44'),
		(86, 22, 'أم عيد الزيتون', '10157767127', 0.00, '2020-09-04 21:30:33', '2020-09-04 21:30:33'),
		(87, 22, 'أم ربيع الزيتون', '10157767128', 0.00, '2020-09-04 21:31:10', '2020-09-04 21:31:10'),
		(88, 22, 'محروسه الزيتون', '10157767129', 0.00, '2020-09-04 21:31:45', '2020-09-04 21:31:45'),
		(89, 22, 'أم محمود الزيتون', '10157767130', 150.00, '2020-09-04 21:32:36', '2020-09-19 00:20:11'),
		(90, 22, 'أم عادل فاطمه الزيتون', '10157767131', 0.00, '2020-09-04 21:33:49', '2020-09-14 06:24:02'),
		(91, 28, 'أبو جنات الشنويه', '10157767132', 200.00, '2020-09-04 21:34:37', '2020-09-14 04:56:45'),
		(92, 28, 'أم محمد نعناعه الشنويه', '10157767133', 125.00, '2020-09-04 21:35:29', '2020-09-14 04:57:03'),
		(93, 28, 'محمد حسن الشنويه', '10157767134', 185.00, '2020-09-04 21:36:15', '2020-09-04 21:36:15'),
		(94, 28, 'أم خالد الحمي الشنويه', '10157767135', 0.00, '2020-09-04 21:37:18', '2020-09-04 21:37:18'),
		(95, 28, 'أم حمزه تبع ناصره الشنويه', '10157767136', 0.00, '2020-09-04 21:38:25', '2020-09-14 04:57:19'),
		(96, 28, 'فوزيه تبع أم مريم الشنويه', '10157767137', 0.00, '2020-09-04 21:39:05', '2020-09-14 04:57:43'),
		(97, 29, 'منه باها', '10157767138', 66.00, '2020-09-04 21:45:05', '2020-09-04 21:45:05'),
		(98, 29, 'محروسه باها', '10157767139', 185.00, '2020-09-04 21:45:49', '2020-09-04 21:45:49'),
		(99, 29, 'أم علاء باها', '10157767140', 235.00, '2020-09-04 21:46:42', '2020-09-14 06:14:51'),
		(100, 29, 'صباح أم أحمد باها', '10157767142', 116.00, '2020-09-04 21:49:03', '2020-09-14 06:15:03'),
		(106, 29, 'شكل باها', '10157767154', 64.00, '2020-09-04 21:57:59', '2020-09-14 06:15:14'),
		(107, 29, 'أم مصطفى باها', '10157767155', 34.00, '2020-09-04 21:58:41', '2020-09-04 21:58:41'),
		(109, 29, 'منى باها', '10157767158', 0.00, '2020-09-04 22:02:26', '2020-09-04 22:02:26'),
		(110, 29, 'نوال عبد الناصر باها', '10157767159', 0.00, '2020-09-04 22:03:12', '2020-09-14 06:16:13'),
		(111, 29, 'سحر باها', '10157767160', 0.00, '2020-09-04 22:03:43', '2020-09-14 06:15:48'),
		(112, 29, 'ساميه باها', '10157767612', 0.00, '2020-09-04 22:04:33', '2020-09-04 22:04:33'),
		(113, 29, 'أم اسلام عبير باها', '10157767163', 0.00, '2020-09-04 22:07:44', '2020-09-04 22:07:44'),
		(114, 29, 'أم أحمد باها', '10157767164', 0.00, '2020-09-04 22:08:34', '2020-09-04 22:08:34'),
		(115, 29, 'أم مجدي باها', '10157767165', 0.00, '2020-09-04 22:09:47', '2020-09-04 22:09:47'),
		(116, 30, 'أم أحمد سعديه الحاجر', '10157767166', 90.00, '2020-09-04 22:10:53', '2020-09-14 06:18:35'),
		(117, 30, 'أم إسلام الحاجر', '10157767167', 400.00, '2020-09-04 22:11:51', '2020-09-04 22:11:51'),
		(118, 30, 'أم سيد تبع روميه الحاجر', '10157767168', 80.00, '2020-09-04 22:12:40', '2020-09-14 06:18:47'),
		(119, 30, 'سعيده الحاجر', '10157767169', 0.00, '2020-09-04 22:13:23', '2020-09-14 06:18:58'),
		(120, 30, 'مسعده الحاجر', '10157767170', 0.00, '2020-09-04 22:14:12', '2020-09-14 06:19:12'),
		(121, 38, 'أم كريم الشيخ علي', '10157767171', 110.00, '2020-09-04 22:15:23', '2020-09-04 22:15:23'),
		(122, 38, 'أم سمر الشخ علي', '10157767172', 0.00, '2020-09-04 22:16:01', '2020-09-04 22:16:01'),
		(123, 68, 'أم عدي تزمنت', '10157767737', 105.00, '2020-09-04 23:37:21', '2020-09-18 20:28:40'),
		(124, 68, 'أم ريهام تزمنت', '10157767173', 150.00, '2020-09-04 23:39:16', '2020-09-18 20:27:03'),
		(125, 68, 'جميله تزمنت', '10157767174', 0.00, '2020-09-04 23:40:20', '2020-09-14 06:25:34'),
		(126, 6, 'أم أحمد سميه الكوم', '10157767175', 170.00, '2020-09-04 23:41:29', '2020-09-18 20:40:12'),
		(127, 2, 'أم دعاء الصحاره', '10157767176', 0.00, '2020-09-04 23:49:13', '2020-09-18 20:30:30'),
		(131, 5, 'أم صابر بني هرون', '10157767179', 50.00, '2020-09-04 23:55:58', '2020-09-18 20:33:28'),
		(132, 5, 'خالد بني هرون', '10157767180', 0.00, '2020-09-04 23:57:04', '2020-09-18 20:34:37'),
		(133, 5, 'أم مصطفى الشيخ هرون', '10157767181', 25.00, '2020-09-04 23:58:01', '2020-09-04 23:58:01'),
		(134, 5, 'أسامه الشيخ هرون', '10157767182', 0.00, '2020-09-04 23:59:08', '2020-09-05 00:00:36'),
		(135, 9, 'أم أيمن البساتين', '10157767183', 10.00, '2020-09-05 00:04:29', '2020-09-18 21:38:45'),
		(137, 8, 'أم أدهم الحلابيه', '10157767185', 185.00, '2020-09-05 00:07:45', '2020-09-18 21:42:35'),
		(139, 8, 'أم وليد الحلابيه', '10157767187', 45.00, '2020-09-05 00:09:37', '2020-09-18 21:43:15'),
		(140, 8, 'نعناعه الحلابيه', '10157767188', 53.00, '2020-09-05 00:10:30', '2020-09-18 21:44:05'),
		(141, 8, 'أم محمد السني تبع مديحه الحلابيه', '10157767189', 0.00, '2020-09-05 00:11:07', '2020-09-18 21:47:10'),
		(142, 8, 'مديحه الحلابيه', '10157767190', 0.00, '2020-09-05 00:12:29', '2020-09-18 21:46:35'),
		(143, 8, 'لطفيه الحلابيه', '10157767191', 222.00, '2020-09-05 00:15:25', '2020-09-18 21:44:32'),
		(144, 8, 'أم حسام الحلابيه', '10157767192', 138.00, '2020-09-05 00:17:06', '2020-09-18 21:45:21'),
		(145, 8, 'محمود الحلابيه', '10157767193', 0.00, '2020-09-05 00:21:48', '2020-09-05 00:21:48'),
		(146, 20, 'سمر ظلطه', '10157767194', 0.00, '2020-09-05 00:23:44', '2020-09-05 00:23:44'),
		(147, 20, 'منى ظلطه', '10157767195', 190.00, '2020-09-05 00:24:13', '2020-09-13 23:20:47'),
		(148, 20, 'أم علاء ظلطه', '10157767196', 0.00, '2020-09-05 00:25:14', '2020-09-05 00:25:14'),
		(149, 23, 'أم صلاح إهوه', '10157767197', 20.00, '2020-09-05 00:50:07', '2020-09-05 00:50:07'),
		(150, 23, 'أحمد الزيات إهوه', '10157767199', 35.00, '2020-09-05 00:51:31', '2020-09-14 06:11:32'),
		(151, 23, 'أم أحمد صفاء إهوه', '10157767100', 50.00, '2020-09-05 00:52:19', '2020-09-19 00:24:56'),
		(152, 23, 'نوال إهوه', '10157767110', 5.00, '2020-09-05 00:53:46', '2020-09-14 06:40:06'),
		(153, 23, 'رمضان غزال إهوه', '10157767103', 68.00, '2020-09-05 00:55:00', '2020-09-19 00:25:56'),
		(154, 23, 'ناديه إهوه', '10157767104', 4.00, '2020-09-05 00:55:45', '2020-09-14 06:41:48'),
		(155, 23, 'أم سيد إهوه', '10157767105', 0.00, '2020-09-05 00:56:28', '2020-09-05 00:56:28'),
		(156, 23, 'نعمه إهوه', '10157767106', 45.00, '2020-09-05 00:57:11', '2020-09-19 00:27:36'),
		(157, 23, 'أم ملك إهوه', '10157767107', 0.00, '2020-09-05 00:58:02', '2020-09-14 06:43:26'),
		(158, 23, 'بهاء إهوه', '10157767108', 66.00, '2020-09-05 00:59:17', '2020-09-19 00:30:15'),
		(159, 23, 'أم عبدالله إهوه', '10157767116', 0.00, '2020-09-05 01:02:34', '2020-09-05 01:02:34'),
		(160, 23, 'أم منه تبع أم أحمد ثريا إهوه', '01158505742', 32.00, '2020-09-05 01:12:23', '2020-09-14 06:11:50'),
		(161, 23, 'عواطف إهوه', '01120201272', 90.00, '2020-09-05 01:17:40', '2020-09-19 00:31:28'),
		(162, 23, 'هاله إهوه', '01120201273', 3.00, '2020-09-05 01:18:21', '2020-09-19 00:32:43'),
		(163, 23, 'أم آيه إهوه', '01120201274', 70.00, '2020-09-05 01:19:28', '2020-09-19 00:33:40'),
		(164, 23, 'أم مصطفى حسنه إهوه', '01120201275', 45.00, '2020-09-05 01:21:13', '2020-09-14 06:11:18'),
		(165, 23, 'أم رياض إهوه', '01120201276', 0.00, '2020-09-05 01:22:04', '2020-09-14 06:48:11'),
		(166, 23, 'أحمد عبدالستار إهوه', '01120201277', 0.00, '2020-09-05 01:22:47', '2020-09-11 19:49:30'),
		(167, 23, 'كريمه إهوه', '01120201278', 0.00, '2020-09-05 01:28:40', '2020-09-05 01:28:40'),
		(168, 23, 'إيمان إهوه', '01120201260', 60.00, '2020-09-05 01:30:18', '2020-09-19 00:35:10'),
		(169, 24, 'أم ضحى دموشيا', '01120201261', 210.00, '2020-09-05 01:31:00', '2020-09-19 00:44:37'),
		(170, 24, 'أم دعاء دموشيا', '01120201263', 180.00, '2020-09-05 01:31:55', '2020-09-05 01:31:55'),
		(171, 24, 'ضحى دموشيا', '01120201264', 86.00, '2020-09-05 01:32:53', '2020-09-19 00:47:53'),
		(172, 24, 'أم مصطفى دموشيا', '01120201265', 50.00, '2020-09-05 01:33:27', '2020-09-19 00:48:32'),
		(173, 24, 'أم ملك دموشيا', '01120201266', 385.00, '2020-09-05 01:35:07', '2020-09-19 00:49:01'),
		(174, 24, 'أم عمر دموشيا', '01120201268', 45.00, '2020-09-05 01:36:03', '2020-09-05 01:36:03'),
		(175, 24, 'أم إيمان دموشيا', '01120201287', 181.00, '2020-09-05 01:37:13', '2020-09-19 00:51:53'),
		(176, 24, 'ربيع أبو دومه دموشيا', '01120201223', 200.00, '2020-09-05 01:38:41', '2020-09-19 00:52:43'),
		(177, 24, 'أم علي دموشيا', '01120201212', 450.00, '2020-09-05 01:39:33', '2020-09-05 01:39:33'),
		(178, 24, 'أم زياد دموشيا', '01120201210', 25.00, '2020-09-05 01:40:46', '2020-09-05 01:40:46'),
		(179, 25, 'أبو رفعت إهناسيا', '01120201211', 135.00, '2020-09-05 01:44:12', '2020-09-14 06:16:45'),
		(180, 25, 'أم رمضان إهناسيا', '01120201233', 275.00, '2020-09-05 01:45:18', '2020-09-05 01:45:18'),
		(181, 25, 'طه رجب إهناسيا', '01120201244', 115.00, '2020-09-05 01:46:19', '2020-09-05 01:46:19'),
		(182, 25, 'أم عبده إهناسيا', '01120201288', 160.00, '2020-09-05 01:47:25', '2020-09-05 01:47:25'),
		(183, 26, 'محمد خالد نعيم', '01120201299', 280.00, '2020-09-05 01:49:10', '2020-09-14 23:04:33'),
		(184, 26, 'أم محمد نعيم', '01120201201', 0.00, '2020-09-05 01:49:54', '2020-09-05 01:49:54'),
		(185, 26, 'أم ربيع صفاء نعيم', '01120201202', 0.00, '2020-09-05 01:50:20', '2020-09-14 06:24:29'),
		(186, 31, 'أم عيد الدوالطه', '01120201203', 85.00, '2020-09-05 01:51:51', '2020-09-05 01:51:51'),
		(187, 31, 'أم رمضان الدوالطه', '01120201204', 0.00, '2020-09-05 01:52:31', '2020-09-05 01:52:31'),
		(188, 31, 'أم سعيد الدوالطه', '01120201205', 110.00, '2020-09-05 01:53:22', '2020-09-13 23:37:07'),
		(189, 31, 'أم دنيا الدوالطه', '01120201206', 0.00, '2020-09-05 01:53:54', '2020-09-05 01:53:54'),
		(190, 31, 'إيمان الدوالطه', '01120201207', 0.00, '2020-09-05 01:54:51', '2020-09-05 01:54:51'),
		(194, 32, 'فوزيه عبد الستار باروط', '01120201111', 0.00, '2020-09-05 01:59:47', '2020-09-19 01:34:23'),
		(195, 32, 'كوثر باروط', '01120201112', 75.00, '2020-09-05 02:00:36', '2020-09-05 02:00:36'),
		(196, 32, 'خيريه باروط', '01120201113', 90.00, '2020-09-05 02:01:04', '2020-09-05 02:01:04'),
		(197, 32, 'أم محمود باروط', '01120201114', 175.00, '2020-09-05 02:02:11', '2020-09-05 02:02:11'),
		(198, 32, 'ليلى باروط', '01120201115', 245.00, '2020-09-05 02:05:06', '2020-09-05 02:05:06'),
		(199, 32, 'أم محمد تبع أم حامد', '01120201222', 110.00, '2020-09-05 02:05:54', '2020-09-05 02:05:54'),
		(200, 32, 'فاطمه باروط', '01120201333', 0.00, '2020-09-05 02:06:42', '2020-09-05 02:06:42'),
		(201, 32, 'أم هاشم باروط', '01120201444', 0.00, '2020-09-05 02:07:55', '2020-09-05 02:07:55'),
		(202, 32, 'علاء أم جمعه باروط', '01120208111', 0.00, '2020-09-05 02:09:06', '2020-09-05 02:09:06'),
		(203, 33, 'أم مصطفى بني عفان', '01120201666', 50.00, '2020-09-05 02:14:42', '2020-09-05 02:14:42'),
		(204, 33, 'فتحيه بني عفان', '01120201555', 160.00, '2020-09-05 02:16:25', '2020-09-05 02:16:25'),
		(205, 33, 'فاطمه بني عفان', '01120202222', 386.00, '2020-09-05 02:17:44', '2020-09-05 02:17:44'),
		(206, 33, 'أم أحمد حسان بني عفان', '01120205555', 0.00, '2020-09-05 02:19:50', '2020-09-14 06:17:08'),
		(207, 33, 'أم كريم بني عفان', '01122221272', 0.00, '2020-09-05 02:21:31', '2020-09-05 15:03:46'),
		(208, 33, 'أم آيه بني عفان', '01213685914', 0.00, '2020-09-05 02:24:42', '2020-09-05 02:24:42'),
		(209, 33, 'نجلاء بني عفان', '01213685911', 0.00, '2020-09-05 02:25:30', '2020-09-05 02:25:30'),
		(210, 33, 'أم أحمد سناء بني عفان', '01213685912', 0.00, '2020-09-05 02:26:56', '2020-09-14 06:17:22'),
		(211, 33, 'أم عبد الرحمن عماد بني عفان', '01213685913', 0.00, '2020-09-05 02:27:40', '2020-09-14 06:17:35'),
		(213, 34, 'نسمه بني بخيت', '01213685915', 130.00, '2020-09-05 02:52:40', '2020-09-14 06:28:39'),
		(214, 34, 'أم أحمد السباعي بني بخيت', '01213685916', 40.00, '2020-09-05 02:53:10', '2020-09-14 06:29:00'),
		(215, 34, 'أم محمد عشور بني بخيت', '01213685917', 160.00, '2020-09-05 02:55:30', '2020-09-14 06:28:26'),
		(216, 34, 'أم يوسف تبع نسمه بني بخيت', '01213685918', 0.00, '2020-09-05 02:56:14', '2020-09-14 06:29:18'),
		(217, 69, 'أم محمد ظاظا', '01213685919', 40.00, '2020-09-05 02:57:59', '2020-09-14 06:22:01'),
		(218, 69, 'سناء ظاظا', '01213685910', 40.00, '2020-09-05 02:58:34', '2020-09-14 06:22:12'),
		(220, 35, 'أم مناع الحكامنا', '01213685921', 90.00, '2020-09-05 03:03:54', '2020-09-05 03:03:54'),
		(221, 35, 'أم فرحه الحكامنا', '01213685923', 0.00, '2020-09-05 03:05:17', '2020-09-05 03:05:17'),
		(222, 35, 'نور حربي الحكامنا', '01213685924', 0.00, '2020-09-05 03:06:59', '2020-09-14 04:58:56'),
		(223, 35, 'عرفه الحكامنا', '01213685925', 200.00, '2020-09-05 03:07:33', '2020-09-05 03:07:33'),
		(224, 35, 'أم إسلام الحكامنا', '01213685926', 0.00, '2020-09-05 03:08:37', '2020-09-05 03:08:37'),
		(225, 36, 'أحمد عبد النبي منشأة حيدر', '01213685927', 0.00, '2020-09-05 03:12:13', '2020-09-14 14:32:27'),
		(226, 37, 'أم رحمه أبو سليم', '01213685928', 115.00, '2020-09-05 03:13:39', '2020-09-14 14:25:01'),
		(228, 37, 'طه توحيد أبو سليم', '01213685930', 0.00, '2020-09-05 03:15:17', '2020-09-14 14:25:22'),
		(229, 37, 'محمد إمام أبو سليم', '01213685931', 0.00, '2020-09-05 03:15:58', '2020-09-14 14:25:38'),
		(230, 39, 'أم أحمد حنان', '01213685934', 0.00, '2020-09-05 03:17:29', '2020-09-05 03:17:29'),
		(231, 40, 'أم طارق', '01213685933', 0.00, '2020-09-05 03:20:44', '2020-09-05 03:20:44'),
		(233, 42, 'أم أحمد الدويه', '01213685936', 25.00, '2020-09-05 03:26:48', '2020-09-14 06:22:50'),
		(234, 42, 'أم عبده الدويه', '01213685937', 80.00, '2020-09-05 03:27:20', '2020-09-14 06:22:37'),
		(235, 43, 'أم حمص الملاحيه', '01213685939', 0.00, '2020-09-05 03:31:19', '2020-09-14 13:16:32'),
		(236, 43, 'أم عمرو الملاحيه', '01213685940', 0.00, '2020-09-05 03:32:04', '2020-09-14 13:16:55'),
		(237, 43, 'أم حسن الملاحيه', '01213685941', 140.00, '2020-09-05 03:32:36', '2020-09-05 03:32:36'),
		(238, 43, 'أم ريم الملاحيه', '01213685942', 100.00, '2020-09-05 03:37:00', '2020-09-14 13:13:38'),
		(239, 43, 'أم نادر الملاحيه', '01213685943', 115.00, '2020-09-05 03:38:13', '2020-09-14 13:12:52'),
		(240, 70, 'علي المسيد', '01271255655', 0.00, '2020-09-05 03:43:16', '2020-09-05 13:14:25'),
		(241, 49, 'عبد الرحمن أبو خضر بني حمد', '01213685946', 240.00, '2020-09-05 03:47:57', '2020-09-14 06:27:56'),
		(242, 46, 'أم عبدالله منقريش', '01213685947', 0.00, '2020-09-05 03:51:33', '2020-09-14 05:02:12'),
		(243, 3, 'أم رشا الشادر', '01213685948', 0.00, '2020-09-05 04:20:26', '2020-09-17 21:57:15'),
		(244, 12, 'أم سيد الجزيره', '01212474714', 0.00, '2020-09-11 14:26:16', '2020-09-17 23:17:20'),
		(245, 12, 'شوقي الجزيره', '01212474711', 5.00, '2020-09-11 14:26:41', '2020-09-17 23:39:25'),
		(246, 12, 'محمود رزق الجزيره', '01212474712', 10.00, '2020-09-11 14:27:22', '2020-09-18 05:31:06'),
		(248, 15, 'أم حبيبه بدرخان', '01212474715', 345.00, '2020-09-11 14:28:58', '2020-09-18 05:34:16'),
		(249, 71, 'أم دنيا الخضار', '01212474716', 0.00, '2020-09-11 14:30:50', '2020-09-14 14:33:14'),
		(250, 72, 'ربيعه البشري', '01212474717', 0.00, '2020-09-11 14:34:23', '2020-09-14 14:33:30'),
		(251, 73, 'أم أحمد الأزهري', '01212474718', 0.00, '2020-09-11 14:37:17', '2020-09-18 00:03:37'),
		(253, 15, 'أم فرحه شافعي', '01212474720', 0.00, '2020-09-11 14:39:11', '2020-09-18 05:37:58'),
		(254, 15, 'بدوي رجائي', '01212474721', 107.00, '2020-09-11 14:40:19', '2020-09-17 23:25:34'),
		(255, 54, 'وفاء الروضه', '01212474722', 45.00, '2020-09-11 14:41:09', '2020-09-11 14:41:09'),
		(256, 63, 'أم حباطه الصفيح', '01212474723', 60.00, '2020-09-11 14:45:44', '2020-09-17 23:13:57'),
		(258, 4, 'سلام السلخانه', '01212474725', 0.00, '2020-09-11 14:48:10', '2020-09-17 23:06:13'),
		(259, 4, 'أم يوسف بوش بتاع الخيار السلخانه', '01212474726', 0.00, '2020-09-11 14:49:10', '2020-09-17 23:05:15'),
		(260, 3, 'أم أسامه باروط الشادر', '01212474727', 0.00, '2020-09-11 14:51:21', '2020-09-11 14:51:21'),
		(261, 3, 'أم أكرم الشادر', '01212474728', 60.00, '2020-09-11 14:52:29', '2020-09-17 22:26:15'),
		(263, 24, 'احمد', '01234567890', 0.00, '2020-09-11 19:36:25', '2020-09-18 22:56:13'),
		(264, 3, 'صفوت رمضان الشريف', '01512151401', 0.00, '2020-09-12 04:11:16', '2020-09-12 04:11:16'),
		(265, 3, 'الجندي رمضان الشريف الشادر', '01512151402', 0.00, '2020-09-12 04:11:56', '2020-09-14 03:58:41'),
		(266, 3, 'سميه الشادر', '01512151403', 140.00, '2020-09-12 04:15:53', '2020-09-17 21:54:35'),
		(267, 3, 'عزت ناصر تبع سعيد المحل الشادر', '01512151404', 40.00, '2020-09-12 04:19:03', '2020-09-14 03:57:40'),
		(268, 3, 'أم مجدي الشادر', '01512151405', 2.00, '2020-09-12 04:29:30', '2020-09-18 05:22:45'),
		(269, 3, 'راضي زين الشادر', '01512151406', 0.00, '2020-09-12 04:30:09', '2020-09-14 04:00:24'),
		(270, 3, 'عزه الشادر', '01512151407', 100.00, '2020-09-12 04:35:31', '2020-09-17 22:27:38'),
		(271, 3, 'أم ردينا الشادر', '01512151408', 410.00, '2020-09-12 04:36:24', '2020-09-18 00:14:27'),
		(273, 3, 'سهير الشادر', '01512151410', 50.00, '2020-09-12 04:42:47', '2020-09-12 04:42:47'),
		(274, 3, 'الشيخ حسن مجاهد الشادر', '01512151411', 50.00, '2020-09-12 04:43:29', '2020-09-14 03:57:01'),
		(278, 4, 'أم يوسف بني عفان السلخانه', '01512151414', 0.00, '2020-09-12 04:55:58', '2020-09-12 04:55:58'),
		(279, 4, 'أم أسامه ملابس السلخانه', '01512151415', 0.00, '2020-09-12 04:58:02', '2020-09-14 04:44:21'),
		(280, 63, 'حنفي الصفيح', '01512151416', 0.00, '2020-09-12 04:59:05', '2020-09-17 23:20:21'),
		(281, 4, 'أم آيه بعره السلخانه', '01512151418', 0.00, '2020-09-12 05:01:40', '2020-09-17 22:45:02'),
		(283, 4, 'أم أحمد تبع أم أميره السلخانه', '01512151420', 20.00, '2020-09-12 05:03:16', '2020-09-14 04:43:37'),
		(284, 4, 'أم حسين السلخانه', '01512151421', 70.00, '2020-09-12 05:04:21', '2020-09-12 05:04:21'),
		(285, 4, 'لوزه السلخانه', '01512151422', 20.00, '2020-09-12 05:06:15', '2020-09-17 22:57:34'),
		(286, 4, 'أم أحمد أبو الدهب السلخانه', '01512151423', 0.00, '2020-09-12 05:07:09', '2020-09-17 23:05:51'),
		(287, 12, 'أبو عبده الزهور', '01512151424', 0.00, '2020-09-12 05:15:05', '2020-09-12 05:15:05'),
		(288, 12, 'أم هناء عبدالباقي', '01512151425', 0.00, '2020-09-12 05:15:58', '2020-09-17 23:17:04'),
		(289, 12, 'أم زياد الشامله', '01512151426', 80.00, '2020-09-12 05:16:31', '2020-09-12 05:16:31'),
		(290, 12, 'أم أشرف النخ', '01512151427', 0.00, '2020-09-12 05:17:01', '2020-09-12 05:17:01'),
		(292, 14, 'أم أشرف الحميات', '01512151429', 40.00, '2020-09-12 05:19:08', '2020-09-18 05:33:38'),
		(293, 14, 'أبو الحسن الثانويه', '01512151430', 185.00, '2020-09-12 05:19:55', '2020-09-12 05:19:55'),
		(295, 15, 'أم هاشم بدرخان', '01512151432', 120.00, '2020-09-12 05:22:09', '2020-09-14 04:46:36'),
		(296, 71, 'أم أحمد', '01512151433', 15.00, '2020-09-12 05:22:50', '2020-09-12 05:23:29'),
		(297, 4, 'عويس السلخانه', '01512151434', 0.00, '2020-09-12 05:26:36', '2020-09-12 05:26:36'),
		(300, 75, 'أم ممدوح بلبل', '01512151440', 0.00, '2020-09-12 19:36:35', '2020-09-14 14:34:02'),
		(301, 75, 'أم رحاب بوش بلبل', '01512151441', 0.00, '2020-09-12 19:37:13', '2020-09-17 23:32:15'),
		(302, 75, 'نصار علي بلبل', '01512151442', 49.00, '2020-09-12 19:38:04', '2020-09-17 23:26:58'),
		(304, 73, 'ياسر الازهري', '01512151444', 35.00, '2020-09-12 19:40:06', '2020-09-18 00:03:15'),
		(305, 73, 'أم دنيا الازهري', '01512151445', 20.00, '2020-09-12 19:41:08', '2020-09-12 19:41:08'),
		(308, 59, 'أم عبدالله الشرق تبع أم اسراء', '01512151448', 80.00, '2020-09-12 19:46:17', '2020-09-17 23:49:42'),
		(309, 59, 'أم وحيد الشرق', '01512151449', 321.00, '2020-09-12 19:47:11', '2020-09-17 23:50:36'),
		(310, 59, 'أم إسراء الشرق', '01512151450', 247.00, '2020-09-12 19:47:57', '2020-09-17 23:57:49'),
		(311, 59, 'أم فارس الشرق', '01512151451', 150.00, '2020-09-12 19:48:31', '2020-09-17 23:51:00'),
		(312, 59, 'أم عبير الشرق', '01512151452', 101.00, '2020-09-12 19:49:30', '2020-09-17 23:54:02'),
		(313, 59, 'أم ياسمين الشرق', '01512151453', 127.00, '2020-09-12 19:50:55', '2020-09-17 23:54:43'),
		(314, 60, 'أم عمرو أخت أم إسراء الشرق', '01512151454', 0.00, '2020-09-12 19:53:49', '2020-09-18 00:00:49'),
		(315, 60, 'أم مصطفى الشرق', '01512151455', 0.00, '2020-09-12 19:55:07', '2020-09-18 00:01:08'),
		(316, 60, 'أم أحمد خليفه بني سليمان', '01512151456', 30.00, '2020-09-12 19:55:50', '2020-09-18 00:00:09'),
		(317, 62, 'سمره سنور', '01512151457', 130.00, '2020-09-12 19:56:39', '2020-09-12 19:56:39'),
		(318, 58, 'سيده بعره', '01512151459', 30.00, '2020-09-12 19:58:16', '2020-09-17 23:36:45'),
		(320, 63, 'صابره الصفيح', '01512151460', 0.00, '2020-09-12 20:00:10', '2020-09-12 20:00:10'),
		(321, 68, 'ربيع تزمنت', '01512151461', 10.00, '2020-09-12 20:04:56', '2020-09-12 20:04:56'),
		(322, 2, 'أم علاء الصحاره', '01512151462', 0.00, '2020-09-12 20:17:36', '2020-09-18 20:30:06'),
		(323, 6, 'أم أحمد خيريه الكوم', '01512151464', 0.00, '2020-09-12 23:48:05', '2020-09-18 20:40:38'),
		(324, 7, 'أم ياسر شريف باشا', '01512151465', 168.00, '2020-09-12 23:51:54', '2020-09-18 20:48:39'),
		(325, 7, 'أم ملك شريف باشا', '01512151466', 0.00, '2020-09-12 23:53:49', '2020-09-18 20:50:44'),
		(326, 7, 'محمد عدلي شريف باشا', '01512151467', 101.00, '2020-09-12 23:54:47', '2020-09-18 20:49:19'),
		(327, 7, 'أم حماده شريف باشا', '01512151468', 0.00, '2020-09-12 23:56:16', '2020-09-18 20:50:58'),
		(328, 10, 'ناديه رمضان طحا بوش', '01512151472', 18.00, '2020-09-13 00:22:01', '2020-09-13 00:22:01'),
		(329, 10, 'أم رحمه طحا بوش', '01512151473', 0.00, '2020-09-13 00:23:18', '2020-09-18 21:54:50'),
		(330, 11, 'أم احمد الفدان إبشنا', '01127707491', 70.00, '2020-09-13 00:38:02', '2020-09-18 21:57:20'),
		(331, 11, 'أم إسراء إبشنا', '01127707492', 50.00, '2020-09-13 00:41:58', '2020-09-14 05:09:08'),
		(332, 21, 'محمد سعد بوش', '01512151478', 1185.00, '2020-09-13 01:20:05', '2020-09-18 22:06:52'),
		(333, 21, 'أم محمد عزه بوش', '01512151479', 450.00, '2020-09-13 01:23:49', '2020-09-18 22:09:05'),
		(334, 63, 'أم مصطفى الصفيح', '01523141572', 0.00, '2020-09-13 23:24:59', '2020-09-17 23:19:39'),
		(335, 59, 'أم زياد الحمرايا', '01512141213', 0.00, '2020-09-13 23:28:45', '2020-09-13 23:29:20'),
		(336, 21, 'أم يوسف بوش تبع أم أحمد رئيسه بوش', '01412141213', 150.00, '2020-09-13 23:30:57', '2020-09-14 05:03:24'),
		(337, 59, 'أبو عمرو الشرق', '01215142113', 0.00, '2020-09-13 23:33:40', '2020-09-13 23:34:32'),
		(338, 59, 'أم محمد صاحبة أم جمال الشرق', '01712121212', 0.00, '2020-09-13 23:38:04', '2020-09-13 23:39:43'),
		(339, 59, 'أم جمال الشرق', '01412121212', 0.00, '2020-09-13 23:38:43', '2020-09-13 23:40:17'),
		(341, 3, 'نقديه', '01812121212', 563.00, '2020-09-13 23:54:57', '2020-10-14 00:19:53'),
		(342, 43, 'الشيخ رمضان الملاحيه', '01312121211', 0.00, '2020-09-14 00:00:11', '2020-09-14 00:00:51'),
		(343, 4, 'أم زياد السلخانه', '01312121212', 50.00, '2020-09-14 00:02:02', '2020-09-18 05:29:15'),
		(344, 12, 'سلطان الجزيره', '01312121214', 150.00, '2020-09-14 00:03:54', '2020-09-18 05:32:28'),
		(345, 3, 'غاليه الشادر', '01312121215', 0.00, '2020-09-14 00:05:20', '2020-09-17 22:29:51'),
		(346, 12, 'أحمد شاكر الجزيره', '01312121216', 0.00, '2020-09-14 00:10:41', '2020-09-14 00:12:44'),
		(347, 37, 'مصطفى العمده أبو سليم', '01312121217', 375.00, '2020-09-14 00:11:39', '2020-09-14 00:13:36'),
		(348, 12, 'خليفه عبود الجزيره', '01214171514', 0.00, '2020-09-14 03:25:45', '2020-09-18 05:33:01'),
		(349, 4, 'أم سيد السلخانه', '01512111414', 0.00, '2020-09-14 03:28:26', '2020-09-17 23:04:02'),
		(350, 32, 'سهير باروط', '01214121415', 243.00, '2020-09-14 03:31:31', '2020-09-14 03:38:07'),
		(351, 4, 'أم ربيع السلخانه', '01712121214', 0.00, '2020-09-14 03:44:13', '2020-09-17 23:04:59'),
		(352, 23, 'أم أحمد ثريا إهوه', '01812141412', 0.00, '2020-09-14 06:49:45', '2020-09-14 06:50:16'),
		(353, 32, 'أم حامد باروط', '01712121413', 0.00, '2020-09-14 14:19:31', '2020-09-14 14:19:31'),
		(354, 3, 'أم أيمن علام الشادر', '01812141215', 0.00, '2020-09-14 14:27:16', '2020-09-14 14:27:16'),
		(355, 75, 'أم يوسف نعيم بلبل', '01215141817', 0.00, '2020-09-14 14:41:42', '2020-09-14 14:41:42'),
		(356, 28, 'منتصر الروبي الشنويه', '01912141412', 1100.00, '2020-09-14 22:42:34', '2020-09-14 22:57:56'),
		(357, 3, 'أحمد خميس الشادر', '01912141712', 0.00, '2020-09-14 22:43:23', '2020-09-14 22:43:23'),
		(358, 3, 'أم يوسف الدلوعه الشادر', '01912141215', 0.00, '2020-09-14 22:44:59', '2020-09-14 22:44:59'),
		(359, 3, 'عبد الرحمن شريف الشادر', '01912151412', 45.00, '2020-09-14 22:45:42', '2020-09-17 21:51:05'),
		(360, 58, 'أم محمد حسين بعره', '01912151413', 15.00, '2020-09-14 22:46:37', '2020-09-18 05:39:24'),
		(361, 72, 'أم محمد البشري', '01218157214', 0.00, '2020-09-14 22:47:02', '2020-09-14 22:47:02'),
		(362, 63, 'أم حسنين مصنع الثلج', '01215141415', 0.00, '2020-09-14 22:47:43', '2020-09-14 22:47:43'),
		(363, 24, 'أم عمر دموشيا', '01215181412', 0.00, '2020-09-14 22:48:24', '2020-09-19 00:45:33'),
		(364, 7, 'أم مروان شريف باشا', '01812151424', 55.00, '2020-09-14 22:50:29', '2020-09-18 20:45:17'),
		(365, 21, 'أحمد خالد بوش بني زايد تبع أم جهاد', '01815141213', 0.00, '2020-09-14 22:51:56', '2020-09-14 22:51:56'),
		(366, 21, 'أم محمود سناء بوش بني زايد', '01612121412', 0.00, '2020-09-14 22:53:32', '2020-09-14 22:53:32'),
		(367, 33, 'رامي بني عفان', '01612151417', 0.00, '2020-09-14 22:54:20', '2020-09-14 22:54:20'),
		(368, 73, 'أم سعيد الأزهري', '01618151412', 0.00, '2020-09-14 22:55:55', '2020-09-18 05:37:36'),
		(370, 4, 'أم علاء بوش فاطمه السلخانه', '01812151613', 7.00, '2020-09-17 22:47:48', '2020-09-17 23:06:34'),
		(371, 4, 'أم أشرف المقدسه السلخانه', '01814171415', 75.00, '2020-09-17 22:51:19', '2020-09-18 05:25:53'),
		(372, 4, 'نعمه أخت سميه السلخانه', '01518171415', 0.00, '2020-09-17 22:52:25', '2020-09-18 05:28:00'),
		(373, 4, 'صباح حميدو السلخانه', '01514171512', 45.00, '2020-09-17 22:56:00', '2020-09-18 05:28:45'),
		(374, 4, 'آمال أم عبد الله السلخانه', '01218141715', 0.00, '2020-09-17 22:59:16', '2020-09-18 05:30:02'),
		(375, 4, 'أم شيماء باروط السلخانه', '01817141512', 30.00, '2020-09-17 23:00:15', '2020-09-17 23:00:15'),
		(376, 4, 'عزه باروط السلخانه', '01815121214', 0.00, '2020-09-17 23:02:23', '2020-09-18 05:30:30'),
		(377, 12, 'حسن عمران الجزيره', '01912121514', 20.00, '2020-09-17 23:09:08', '2020-09-17 23:09:08'),
		(378, 12, 'محمد مصطفى مقبل الجزيره', '01914151718', 0.00, '2020-09-17 23:11:52', '2020-09-18 05:31:34'),
		(379, 12, 'خالد حسين الجزيره', '01913121514', 0.00, '2020-09-17 23:12:30', '2020-09-18 05:32:02'),
		(380, 75, 'زكريا', '01815121215', 150.00, '2020-09-17 23:28:36', '2020-09-17 23:29:37'),
		(381, 75, 'صالحه بلبل', '01815141412', 0.00, '2020-09-17 23:30:27', '2020-09-18 05:34:52'),
		(382, 75, 'أم فارس بلبل', '01715121214', 40.00, '2020-09-17 23:33:50', '2020-09-17 23:33:50'),
		(383, 72, 'أم أشرف البشري أم شيماء', '01715141214', 100.00, '2020-09-17 23:35:36', '2020-09-17 23:35:36'),
		(384, 59, 'أم عمرو الشرق', '01715141212', 155.00, '2020-09-17 23:48:59', '2020-09-17 23:48:59'),
		(385, 59, 'أم مصطفى الشرق', '01715151214', 127.00, '2020-09-17 23:56:10', '2020-09-17 23:56:10'),
		(386, 59, 'أم حميد تبع إم عمرو الشرق', '01815121417', 35.00, '2020-09-17 23:59:35', '2020-09-17 23:59:35'),
		(387, 73, 'أم سيد الأزهري', '01815121412', 30.00, '2020-09-18 00:05:35', '2020-09-18 00:05:35'),
		(388, 73, 'أم هند الأزهري', '01215141217', 0.00, '2020-09-18 00:06:11', '2020-09-18 05:37:06'),
		(389, 73, 'مصطفى أبو مناع الأزهري', '01512141215', 0.00, '2020-09-18 00:07:33', '2020-09-18 00:07:33'),
		(390, 4, 'أم رفعت السلخانه', '01812151818', 0.00, '2020-09-18 05:24:03', '2020-09-18 05:24:35'),
		(391, 2, 'أحمد الصحاره', '01815141214', 0.00, '2020-09-18 20:31:19', '2020-09-18 20:31:19'),
		(392, 2, 'أم محمد الصحاره', '01915214122', 0.00, '2020-09-18 20:32:18', '2020-09-18 20:32:18'),
		(393, 5, 'علي بني هرون', '01625141214', 0.00, '2020-09-18 20:36:12', '2020-09-18 20:36:12'),
		(395, 7, 'أم أحمد ربيع شريف باشا', '01815141219', 96.00, '2020-09-18 20:47:26', '2020-09-18 20:47:26'),
		(396, 46, 'جابر منقريش', '01815141122', 77.00, '2020-09-18 21:36:45', '2020-09-18 21:36:45'),
		(397, 8, 'أحمد محفوظ', '01898653214', 419.00, '2020-09-18 21:40:24', '2020-09-18 21:40:24'),
		(398, 10, 'أم سامي طحا', '01215481232', 63.00, '2020-09-18 21:52:44', '2020-09-18 21:52:44'),
		(399, 11, 'أم إسراء إبشنا', '01956232523', 50.00, '2020-09-18 22:00:08', '2020-09-18 22:00:08'),
		(400, 21, 'أم خالد بوش كوبري الحشيش', '01825325654', 0.00, '2020-09-19 00:12:27', '2020-09-19 00:12:27'),
		(401, 21, 'أم جنه بوش', '01985686523', 0.00, '2020-09-19 00:16:58', '2020-09-19 00:16:58'),
		(402, 21, 'أم الشحات بوش', '01745232526', 0.00, '2020-09-19 00:18:55', '2020-09-19 00:18:55'),
		(403, 22, 'أم أحمد شداد الزيتون', '01815141215', 0.00, '2020-09-19 00:22:15', '2020-09-19 00:22:15'),
		(404, 23, 'مصطفى سعد تبع ناديه إهوه', '01518151412', 120.00, '2020-09-19 00:36:57', '2020-09-19 00:36:57'),
		(405, 24, 'أم إسلام دموشيا', '01812151417', 30.00, '2020-09-19 00:47:10', '2020-09-19 00:47:10'),
		(406, 24, 'أم إيهاب دموشيا', '01515121412', 65.00, '2020-09-19 00:56:38', '2020-09-19 00:56:38');

-- --------------------------------------------------------

--
-- Dumping data for table `container_traders`
--

	INSERT INTO `container_traders` (`trader_id`, `container_id`, `container_indebtedness`, `created_at`, `updated_at`) VALUES 
		(1, 1, 27, '2020-09-01 23:49:15', '2020-09-14 03:58:25'),
		(2, 1, 61, '2020-09-01 23:55:22', '2020-09-17 21:53:05'),
		(3, 1, 23, '2020-09-01 23:57:14', '2020-09-18 05:20:00'),
		(4, 1, 12, '2020-09-01 23:58:37', '2020-09-17 21:55:12'),
		(5, 1, 2, '2020-09-02 00:02:57', '2020-09-17 21:55:35'),
		(6, 1, 0, '2020-09-02 00:04:49', '2020-09-12 04:52:14'),
		(7, 1, 14, '2020-09-02 00:06:02', '2020-09-14 03:53:38'),
		(8, 1, 16, '2020-09-02 00:07:14', '2020-09-18 05:21:16'),
		(9, 1, 9, '2020-09-02 00:10:46', '2020-09-17 21:56:55'),
		(10, 1, 11, '2020-09-02 00:13:15', '2020-09-17 21:58:05'),
		(11, 1, 21, '2020-09-02 00:21:51', '2020-09-18 05:21:47'),
		(12, 1, 0, '2020-09-02 00:23:52', '2020-09-18 05:22:15'),
		(13, 1, 5, '2020-09-02 00:24:42', '2020-09-17 21:59:37'),
		(14, 1, 8, '2020-09-02 00:25:41', '2020-09-17 22:00:00'),
		(15, 1, 11, '2020-09-02 00:32:07', '2020-09-17 22:01:16'),
		(17, 1, 4, '2020-09-02 03:49:56', '2020-09-14 03:58:12'),
		(18, 1, 9, '2020-09-02 03:50:47', '2020-09-17 22:02:46'),
		(19, 1, 2, '2020-09-02 03:51:23', '2020-09-14 03:57:59'),
		(20, 1, 5, '2020-09-02 03:53:51', '2020-09-14 03:59:33'),
		(21, 1, 0, '2020-09-02 03:55:24', '2020-09-17 22:14:42'),
		(22, 1, 1, '2020-09-02 03:57:13', '2020-09-17 22:13:08'),
		(23, 1, 1, '2020-09-02 03:58:18', '2020-09-14 03:58:57'),
		(24, 1, 6, '2020-09-02 04:00:49', '2020-09-14 03:53:23'),
		(25, 1, 5, '2020-09-02 04:03:14', '2020-09-17 22:28:22'),
		(27, 1, 0, '2020-09-02 04:06:18', '2020-09-17 22:27:07'),
		(28, 1, 26, '2020-09-02 04:07:15', '2020-09-17 21:56:19'),
		(29, 1, 1, '2020-09-02 04:10:55', '2020-09-14 03:59:47'),
		(30, 1, 18, '2020-09-02 04:18:35', '2020-09-17 22:46:30'),
		(31, 1, 4, '2020-09-02 04:20:48', '2020-09-18 05:26:38'),
		(32, 1, 0, '2020-09-02 04:22:22', '2020-09-12 05:08:27'),
		(34, 1, 0, '2020-09-02 04:29:58', '2020-09-17 23:20:41'),
		(35, 1, 0, '2020-09-02 04:39:37', '2020-09-17 23:04:19'),
		(36, 1, 5, '2020-09-02 04:40:34', '2020-09-14 04:42:43'),
		(37, 1, 3, '2020-09-04 17:36:18', '2020-09-14 06:26:08'),
		(38, 1, 2, '2020-09-04 17:37:14', '2020-09-14 06:26:53'),
		(39, 1, 1, '2020-09-04 17:38:26', '2020-09-18 20:41:30'),
		(40, 1, 0, '2020-09-04 17:40:12', '2020-09-14 06:14:20'),
		(41, 1, 0, '2020-09-04 17:43:32', '2020-09-18 20:51:26'),
		(43, 1, 0, '2020-09-04 17:47:01', '2020-09-18 20:46:08'),
		(44, 1, 0, '2020-09-04 17:48:53', '2020-09-18 20:44:52'),
		(45, 1, 3, '2020-09-04 17:51:05', '2020-09-18 20:50:02'),
		(46, 1, 5, '2020-09-04 17:52:27', '2020-09-18 20:44:17'),
		(47, 1, 0, '2020-09-04 17:54:56', '2020-09-14 05:11:07'),
		(48, 1, 5, '2020-09-04 17:56:14', '2020-09-18 21:48:46'),
		(49, 1, 8, '2020-09-04 17:57:40', '2020-09-18 21:49:43'),
		(50, 1, 1, '2020-09-04 17:58:45', '2020-09-18 21:50:25'),
		(51, 1, 0, '2020-09-04 18:00:32', '2020-09-18 21:54:24'),
		(52, 1, 3, '2020-09-04 18:01:39', '2020-09-04 18:01:39'),
		(53, 1, 0, '2020-09-04 18:02:29', '2020-09-18 21:54:06'),
		(54, 1, 3, '2020-09-04 18:03:26', '2020-09-18 21:55:35'),
		(55, 1, 4, '2020-09-04 18:04:34', '2020-09-14 05:11:50'),
		(56, 1, 3, '2020-09-04 18:05:33', '2020-09-18 21:51:28'),
		(57, 1, 1, '2020-09-04 18:10:56', '2020-09-04 18:10:56'),
		(63, 1, 1, '2020-09-04 21:09:29', '2020-09-18 21:57:53'),
		(64, 1, 0, '2020-09-04 21:10:17', '2020-09-13 00:34:14'),
		(65, 1, 0, '2020-09-04 21:11:34', '2020-09-18 21:59:15'),
		(66, 1, 7, '2020-09-04 21:12:33', '2020-09-18 21:57:02'),
		(67, 1, 2, '2020-09-04 21:13:47', '2020-09-04 21:13:47'),
		(68, 1, 0, '2020-09-04 21:14:24', '2020-09-18 21:58:20'),
		(69, 1, 8, '2020-09-04 21:15:30', '2020-09-04 21:15:30'),
		(70, 1, 3, '2020-09-04 21:16:18', '2020-09-14 05:04:06'),
		(71, 1, 0, '2020-09-04 21:17:08', '2020-09-04 21:17:08'),
		(72, 1, 19, '2020-09-04 21:18:07', '2020-09-18 22:04:51'),
		(73, 1, 4, '2020-09-04 21:19:07', '2020-09-13 01:18:59'),
		(74, 1, 6, '2020-09-04 21:20:08', '2020-09-14 05:05:15'),
		(75, 1, 0, '2020-09-04 21:22:05', '2020-09-19 00:10:02'),
		(76, 1, 6, '2020-09-04 21:23:08', '2020-09-18 22:03:46'),
		(77, 1, 1, '2020-09-04 21:23:43', '2020-09-19 00:09:38'),
		(78, 1, 32, '2020-09-04 21:24:22', '2020-09-19 00:11:19'),
		(79, 1, 1, '2020-09-04 21:24:57', '2020-09-14 05:04:18'),
		(80, 1, 7, '2020-09-04 21:25:30', '2020-09-19 00:13:56'),
		(81, 1, 7, '2020-09-04 21:26:20', '2020-09-04 21:26:20'),
		(82, 1, 1, '2020-09-04 21:27:08', '2020-09-19 00:14:51'),
		(83, 1, 3, '2020-09-04 21:27:50', '2020-09-04 21:27:50'),
		(84, 1, 9, '2020-09-04 21:28:55', '2020-09-19 00:20:40'),
		(85, 1, 2, '2020-09-04 21:29:31', '2020-09-14 06:23:44'),
		(86, 1, 1, '2020-09-04 21:30:33', '2020-09-04 21:30:33'),
		(87, 1, 3, '2020-09-04 21:31:10', '2020-09-04 21:31:10'),
		(88, 1, 5, '2020-09-04 21:31:45', '2020-09-04 21:31:45'),
		(89, 1, 4, '2020-09-04 21:32:36', '2020-09-19 00:20:11'),
		(90, 1, 2, '2020-09-04 21:33:49', '2020-09-14 06:24:02'),
		(91, 1, 5, '2020-09-04 21:34:37', '2020-09-14 04:56:45'),
		(92, 1, 0, '2020-09-04 21:35:29', '2020-09-14 04:57:03'),
		(93, 1, 0, '2020-09-04 21:36:15', '2020-09-04 21:36:15'),
		(94, 1, 2, '2020-09-04 21:37:18', '2020-09-04 21:37:18'),
		(95, 1, 1, '2020-09-04 21:38:25', '2020-09-14 04:57:19'),
		(96, 1, 1, '2020-09-04 21:39:05', '2020-09-14 04:57:43'),
		(97, 1, 2, '2020-09-04 21:45:05', '2020-09-04 21:45:05'),
		(98, 1, 2, '2020-09-04 21:45:49', '2020-09-04 21:45:49'),
		(99, 1, 0, '2020-09-04 21:46:42', '2020-09-14 06:14:51'),
		(100, 1, 2, '2020-09-04 21:49:03', '2020-09-14 06:15:03'),
		(106, 1, 3, '2020-09-04 21:57:59', '2020-09-14 06:15:14'),
		(107, 1, 1, '2020-09-04 21:58:41', '2020-09-04 21:58:41'),
		(109, 1, 1, '2020-09-04 22:02:26', '2020-09-04 22:02:26'),
		(110, 1, 5, '2020-09-04 22:03:12', '2020-09-14 06:16:13'),
		(111, 1, 1, '2020-09-04 22:03:43', '2020-09-14 06:15:48'),
		(112, 1, 5, '2020-09-04 22:04:33', '2020-09-04 22:04:33'),
		(113, 1, 8, '2020-09-04 22:07:44', '2020-09-04 22:07:44'),
		(114, 1, 1, '2020-09-04 22:08:34', '2020-09-04 22:08:34'),
		(115, 1, 1, '2020-09-04 22:09:47', '2020-09-04 22:09:47'),
		(116, 1, 0, '2020-09-04 22:10:53', '2020-09-14 06:18:35'),
		(117, 1, 10, '2020-09-04 22:11:51', '2020-09-04 22:11:51'),
		(118, 1, 2, '2020-09-04 22:12:40', '2020-09-14 06:18:47'),
		(119, 1, 1, '2020-09-04 22:13:23', '2020-09-14 06:18:58'),
		(120, 1, 2, '2020-09-04 22:14:12', '2020-09-14 06:19:12'),
		(121, 1, 0, '2020-09-04 22:15:23', '2020-09-04 22:15:23'),
		(122, 1, 1, '2020-09-04 22:16:01', '2020-09-04 22:16:01'),
		(123, 1, 4, '2020-09-04 23:37:21', '2020-09-18 20:28:40'),
		(124, 1, 6, '2020-09-04 23:39:16', '2020-09-18 20:27:03'),
		(125, 1, 0, '2020-09-04 23:40:20', '2020-09-14 06:25:34'),
		(126, 1, 0, '2020-09-04 23:41:29', '2020-09-18 20:40:12'),
		(127, 1, 2, '2020-09-04 23:49:13', '2020-09-18 20:30:30'),
		(131, 1, 5, '2020-09-04 23:55:58', '2020-09-18 20:33:28'),
		(132, 1, 1, '2020-09-04 23:57:04', '2020-09-18 20:34:37'),
		(133, 1, 2, '2020-09-04 23:58:01', '2020-09-04 23:58:01'),
		(134, 1, 3, '2020-09-04 23:59:08', '2020-09-05 00:00:36'),
		(135, 1, 0, '2020-09-05 00:04:29', '2020-09-18 21:38:45'),
		(137, 1, 7, '2020-09-05 00:07:45', '2020-09-18 21:42:35'),
		(139, 1, 4, '2020-09-05 00:09:37', '2020-09-18 21:43:15'),
		(140, 1, 0, '2020-09-05 00:10:30', '2020-09-18 21:44:05'),
		(141, 1, 0, '2020-09-05 00:11:07', '2020-09-18 21:47:10'),
		(142, 1, 6, '2020-09-05 00:12:29', '2020-09-18 21:46:35'),
		(143, 1, 0, '2020-09-05 00:15:25', '2020-09-18 21:44:32'),
		(144, 1, 0, '2020-09-05 00:17:06', '2020-09-18 21:45:21'),
		(145, 1, 7, '2020-09-05 00:21:48', '2020-09-05 00:21:48'),
		(146, 1, 3, '2020-09-05 00:23:44', '2020-09-05 00:23:44'),
		(147, 1, 6, '2020-09-05 00:24:13', '2020-09-13 23:20:47'),
		(148, 1, 1, '2020-09-05 00:25:14', '2020-09-05 00:25:14'),
		(149, 1, 2, '2020-09-05 00:50:07', '2020-09-05 00:50:07'),
		(150, 1, 1, '2020-09-05 00:51:31', '2020-09-14 06:11:32'),
		(151, 1, 2, '2020-09-05 00:52:19', '2020-09-19 00:24:56'),
		(152, 1, 0, '2020-09-05 00:53:46', '2020-09-14 06:40:06'),
		(153, 1, 1, '2020-09-05 00:55:00', '2020-09-19 00:25:56'),
		(154, 1, 0, '2020-09-05 00:55:45', '2020-09-14 06:41:48'),
		(155, 1, 1, '2020-09-05 00:56:28', '2020-09-05 00:56:28'),
		(156, 1, 0, '2020-09-05 00:57:11', '2020-09-19 00:27:36'),
		(157, 1, 0, '2020-09-05 00:58:02', '2020-09-14 06:43:26'),
		(158, 1, 2, '2020-09-05 00:59:17', '2020-09-19 00:30:15'),
		(159, 1, 2, '2020-09-05 01:02:34', '2020-09-05 01:02:34'),
		(160, 1, 1, '2020-09-05 01:12:23', '2020-09-14 06:11:50'),
		(161, 1, 3, '2020-09-05 01:17:40', '2020-09-19 00:31:28'),
		(162, 1, 2, '2020-09-05 01:18:21', '2020-09-19 00:32:43'),
		(163, 1, 2, '2020-09-05 01:19:28', '2020-09-19 00:33:40'),
		(164, 1, 0, '2020-09-05 01:21:13', '2020-09-14 06:11:18'),
		(165, 1, 2, '2020-09-05 01:22:04', '2020-09-14 06:48:11'),
		(166, 1, 0, '2020-09-05 01:22:47', '2020-09-11 19:49:30'),
		(167, 1, 1, '2020-09-05 01:28:40', '2020-09-05 01:28:40'),
		(168, 1, 2, '2020-09-05 01:30:18', '2020-09-19 00:35:10'),
		(169, 1, 0, '2020-09-05 01:31:00', '2020-09-19 00:44:37'),
		(170, 1, 8, '2020-09-05 01:31:55', '2020-09-05 01:31:55'),
		(171, 1, 10, '2020-09-05 01:32:53', '2020-09-19 00:47:53'),
		(172, 1, 0, '2020-09-05 01:33:27', '2020-09-19 00:48:32'),
		(173, 1, 0, '2020-09-05 01:35:07', '2020-09-19 00:49:01'),
		(174, 1, 1, '2020-09-05 01:36:03', '2020-09-05 01:36:03'),
		(175, 1, 4, '2020-09-05 01:37:13', '2020-09-19 00:51:53'),
		(176, 1, 5, '2020-09-05 01:38:41', '2020-09-19 00:52:43'),
		(177, 1, 10, '2020-09-05 01:39:33', '2020-09-05 01:39:33'),
		(178, 1, 2, '2020-09-05 01:40:46', '2020-09-05 01:40:46'),
		(179, 1, 0, '2020-09-05 01:44:12', '2020-09-14 06:16:45'),
		(180, 1, 14, '2020-09-05 01:45:18', '2020-09-05 01:45:18'),
		(181, 1, 3, '2020-09-05 01:46:19', '2020-09-05 01:46:19'),
		(182, 1, 8, '2020-09-05 01:47:25', '2020-09-05 01:47:25'),
		(183, 1, 2, '2020-09-05 01:49:10', '2020-09-14 23:04:33'),
		(184, 1, 2, '2020-09-05 01:49:54', '2020-09-05 01:49:54'),
		(185, 1, 2, '2020-09-05 01:50:20', '2020-09-14 06:24:29'),
		(186, 1, 4, '2020-09-05 01:51:51', '2020-09-05 01:51:51'),
		(187, 1, 4, '2020-09-05 01:52:31', '2020-09-05 01:52:31'),
		(188, 1, 11, '2020-09-05 01:53:22', '2020-09-13 23:37:07'),
		(189, 1, 6, '2020-09-05 01:53:54', '2020-09-05 01:53:54'),
		(190, 1, 3, '2020-09-05 01:54:51', '2020-09-05 01:54:51'),
		(194, 1, 0, '2020-09-05 01:59:47', '2020-09-19 01:34:23'),
		(195, 1, 1, '2020-09-05 02:00:36', '2020-09-05 02:00:36'),
		(196, 1, 0, '2020-09-05 02:01:04', '2020-09-05 02:01:04'),
		(197, 1, 5, '2020-09-05 02:02:11', '2020-09-05 02:02:11'),
		(198, 1, 7, '2020-09-05 02:05:06', '2020-09-05 02:05:06'),
		(199, 1, 3, '2020-09-05 02:05:54', '2020-09-05 02:05:54'),
		(200, 1, 3, '2020-09-05 02:06:42', '2020-09-05 02:06:42'),
		(201, 1, 6, '2020-09-05 02:07:55', '2020-09-05 02:07:55'),
		(202, 1, 4, '2020-09-05 02:09:06', '2020-09-05 02:09:06'),
		(203, 1, 6, '2020-09-05 02:14:42', '2020-09-05 02:14:42'),
		(204, 1, 8, '2020-09-05 02:16:25', '2020-09-05 02:16:25'),
		(205, 1, 9, '2020-09-05 02:17:44', '2020-09-05 02:17:44'),
		(206, 1, 5, '2020-09-05 02:19:50', '2020-09-14 06:17:08'),
		(207, 1, 0, '2020-09-05 02:21:31', '2020-09-05 15:03:46'),
		(208, 1, 1, '2020-09-05 02:24:42', '2020-09-05 02:24:42'),
		(209, 1, 1, '2020-09-05 02:25:30', '2020-09-05 02:25:30'),
		(210, 1, 3, '2020-09-05 02:26:56', '2020-09-14 06:17:22'),
		(211, 1, 1, '2020-09-05 02:27:40', '2020-09-14 06:17:35'),
		(213, 1, 3, '2020-09-05 02:52:40', '2020-09-14 06:28:39'),
		(214, 1, 4, '2020-09-05 02:53:10', '2020-09-14 06:29:00'),
		(215, 1, 3, '2020-09-05 02:55:30', '2020-09-14 06:28:26'),
		(216, 1, 1, '2020-09-05 02:56:14', '2020-09-14 06:29:18'),
		(217, 1, 1, '2020-09-05 02:57:59', '2020-09-14 06:22:01'),
		(218, 1, 1, '2020-09-05 02:58:34', '2020-09-14 06:22:12'),
		(220, 1, 2, '2020-09-05 03:03:54', '2020-09-05 03:03:54'),
		(221, 1, 2, '2020-09-05 03:05:17', '2020-09-05 03:05:17'),
		(222, 1, 3, '2020-09-05 03:06:59', '2020-09-14 04:58:56'),
		(223, 1, 14, '2020-09-05 03:07:33', '2020-09-05 03:07:33'),
		(224, 1, 3, '2020-09-05 03:08:37', '2020-09-05 03:08:37'),
		(225, 1, 4, '2020-09-05 03:12:13', '2020-09-14 14:32:27'),
		(226, 1, 4, '2020-09-05 03:13:39', '2020-09-14 14:25:01'),
		(228, 1, 5, '2020-09-05 03:15:17', '2020-09-14 14:25:22'),
		(229, 1, 3, '2020-09-05 03:15:58', '2020-09-14 14:25:38'),
		(230, 1, 5, '2020-09-05 03:17:29', '2020-09-05 03:17:29'),
		(231, 1, 4, '2020-09-05 03:20:44', '2020-09-05 03:20:44'),
		(233, 1, 6, '2020-09-05 03:26:48', '2020-09-14 06:22:50'),
		(234, 1, 3, '2020-09-05 03:27:20', '2020-09-14 06:22:37'),
		(235, 1, 0, '2020-09-05 03:31:19', '2020-09-14 13:16:32'),
		(236, 1, 5, '2020-09-05 03:32:04', '2020-09-14 13:16:55'),
		(237, 1, 2, '2020-09-05 03:32:36', '2020-09-05 03:32:36'),
		(238, 1, 2, '2020-09-05 03:37:00', '2020-09-14 13:13:38'),
		(239, 1, 2, '2020-09-05 03:38:13', '2020-09-14 13:12:52'),
		(240, 1, 0, '2020-09-05 03:43:16', '2020-09-05 13:14:25'),
		(241, 1, 4, '2020-09-05 03:47:57', '2020-09-14 06:27:56'),
		(242, 1, 2, '2020-09-05 03:51:33', '2020-09-14 05:02:12'),
		(243, 1, 6, '2020-09-05 04:20:26', '2020-09-17 21:57:15'),
		(244, 1, 0, '2020-09-11 14:26:16', '2020-09-17 23:17:20'),
		(245, 1, 0, '2020-09-11 14:26:41', '2020-09-17 23:39:25'),
		(246, 1, 0, '2020-09-11 14:27:22', '2020-09-18 05:31:06'),
		(248, 1, 6, '2020-09-11 14:28:58', '2020-09-18 05:34:16'),
		(249, 1, 1, '2020-09-11 14:30:50', '2020-09-14 14:33:14'),
		(250, 1, 0, '2020-09-11 14:34:23', '2020-09-14 14:33:30'),
		(251, 1, 1, '2020-09-11 14:37:17', '2020-09-18 00:03:37'),
		(253, 1, 0, '2020-09-11 14:39:11', '2020-09-18 05:37:58'),
		(254, 1, 1, '2020-09-11 14:40:19', '2020-09-17 23:25:34'),
		(255, 1, 0, '2020-09-11 14:41:09', '2020-09-11 14:41:09'),
		(256, 1, 0, '2020-09-11 14:45:44', '2020-09-17 23:13:57'),
		(258, 1, 0, '2020-09-11 14:48:10', '2020-09-17 23:06:13'),
		(259, 1, 0, '2020-09-11 14:49:10', '2020-09-17 23:05:15'),
		(260, 1, 1, '2020-09-11 14:51:21', '2020-09-11 14:51:21'),
		(261, 1, 0, '2020-09-11 14:52:29', '2020-09-17 22:26:15'),
		(263, 1, 0, '2020-09-11 19:36:25', '2020-09-18 22:56:13'),
		(264, 1, 1, '2020-09-12 04:11:16', '2020-09-12 04:11:16'),
		(265, 1, 1, '2020-09-12 04:11:56', '2020-09-14 03:58:41'),
		(266, 1, 7, '2020-09-12 04:15:53', '2020-09-17 21:54:35'),
		(267, 1, 1, '2020-09-12 04:19:03', '2020-09-14 03:57:40'),
		(268, 1, 0, '2020-09-12 04:29:30', '2020-09-18 05:22:45'),
		(269, 1, 2, '2020-09-12 04:30:09', '2020-09-14 04:00:24'),
		(270, 1, 0, '2020-09-12 04:35:31', '2020-09-17 22:27:38'),
		(271, 1, 5, '2020-09-12 04:36:24', '2020-09-18 00:14:27'),
		(273, 1, 0, '2020-09-12 04:42:47', '2020-09-12 04:42:47'),
		(274, 1, 1, '2020-09-12 04:43:29', '2020-09-14 03:57:01'),
		(278, 1, 6, '2020-09-12 04:55:58', '2020-09-12 04:55:58'),
		(279, 1, 1, '2020-09-12 04:58:02', '2020-09-14 04:44:21'),
		(280, 1, 0, '2020-09-12 04:59:05', '2020-09-17 23:20:21'),
		(281, 1, 0, '2020-09-12 05:01:40', '2020-09-17 22:45:02'),
		(283, 1, 0, '2020-09-12 05:03:16', '2020-09-14 04:43:37'),
		(284, 1, 0, '2020-09-12 05:04:21', '2020-09-12 05:04:21'),
		(285, 1, 0, '2020-09-12 05:06:15', '2020-09-17 22:57:34'),
		(286, 1, 0, '2020-09-12 05:07:09', '2020-09-17 23:05:51'),
		(287, 1, 1, '2020-09-12 05:15:05', '2020-09-12 05:15:05'),
		(288, 1, 0, '2020-09-12 05:15:58', '2020-09-17 23:17:04'),
		(289, 1, 1, '2020-09-12 05:16:31', '2020-09-12 05:16:31'),
		(290, 1, 1, '2020-09-12 05:17:01', '2020-09-12 05:17:01'),
		(292, 1, 0, '2020-09-12 05:19:08', '2020-09-18 05:33:38'),
		(293, 1, 3, '2020-09-12 05:19:55', '2020-09-12 05:19:55'),
		(295, 1, 0, '2020-09-12 05:22:09', '2020-09-14 04:46:36'),
		(296, 1, 0, '2020-09-12 05:22:50', '2020-09-12 05:23:29'),
		(297, 1, 1, '2020-09-12 05:26:36', '2020-09-12 05:26:36'),
		(300, 1, 1, '2020-09-12 19:36:35', '2020-09-14 14:34:02'),
		(301, 1, 3, '2020-09-12 19:37:13', '2020-09-17 23:32:15'),
		(302, 1, 1, '2020-09-12 19:38:04', '2020-09-17 23:26:58'),
		(304, 1, 1, '2020-09-12 19:40:06', '2020-09-18 00:03:15'),
		(305, 1, 0, '2020-09-12 19:41:08', '2020-09-12 19:41:08'),
		(308, 1, 2, '2020-09-12 19:46:17', '2020-09-17 23:49:42'),
		(309, 1, 3, '2020-09-12 19:47:11', '2020-09-17 23:50:36'),
		(310, 1, 1, '2020-09-12 19:47:57', '2020-09-17 23:57:49'),
		(311, 1, 0, '2020-09-12 19:48:31', '2020-09-17 23:51:00'),
		(312, 1, 0, '2020-09-12 19:49:30', '2020-09-17 23:54:02'),
		(313, 1, 1, '2020-09-12 19:50:55', '2020-09-17 23:54:43'),
		(314, 1, 0, '2020-09-12 19:53:49', '2020-09-18 00:00:49'),
		(315, 1, 0, '2020-09-12 19:55:07', '2020-09-18 00:01:08'),
		(316, 1, 1, '2020-09-12 19:55:50', '2020-09-18 00:00:09'),
		(317, 1, 0, '2020-09-12 19:56:39', '2020-09-12 19:56:39'),
		(318, 1, 0, '2020-09-12 19:58:16', '2020-09-17 23:36:45'),
		(320, 1, 2, '2020-09-12 20:00:10', '2020-09-12 20:00:10'),
		(321, 1, 0, '2020-09-12 20:04:56', '2020-09-12 20:04:56'),
		(322, 1, 3, '2020-09-12 20:17:36', '2020-09-18 20:30:06'),
		(323, 1, 3, '2020-09-12 23:48:05', '2020-09-18 20:40:38'),
		(324, 1, 5, '2020-09-12 23:51:54', '2020-09-18 20:48:39'),
		(325, 1, 0, '2020-09-12 23:53:49', '2020-09-18 20:50:44'),
		(326, 1, 5, '2020-09-12 23:54:47', '2020-09-18 20:49:19'),
		(327, 1, 0, '2020-09-12 23:56:16', '2020-09-18 20:50:58'),
		(328, 1, 0, '2020-09-13 00:22:01', '2020-09-13 00:22:01'),
		(329, 1, 0, '2020-09-13 00:23:18', '2020-09-18 21:54:50'),
		(330, 1, 2, '2020-09-13 00:38:02', '2020-09-18 21:57:20'),
		(331, 1, 0, '2020-09-13 00:41:58', '2020-09-14 05:09:08'),
		(332, 1, 30, '2020-09-13 01:20:05', '2020-09-18 22:06:52'),
		(333, 1, 15, '2020-09-13 01:23:49', '2020-09-18 22:09:05'),
		(334, 1, 0, '2020-09-13 23:24:59', '2020-09-17 23:19:39'),
		(335, 1, 2, '2020-09-13 23:28:45', '2020-09-13 23:29:20'),
		(336, 1, 5, '2020-09-13 23:30:57', '2020-09-14 05:03:24'),
		(337, 1, 2, '2020-09-13 23:33:40', '2020-09-13 23:34:32'),
		(338, 1, 1, '2020-09-13 23:38:04', '2020-09-13 23:39:43'),
		(339, 1, 2, '2020-09-13 23:38:43', '2020-09-13 23:40:17'),
		(341, 1, 38, '2020-09-13 23:54:57', '2020-10-14 00:19:53'),
		(342, 1, 5, '2020-09-14 00:00:11', '2020-09-14 00:00:51'),
		(343, 1, 0, '2020-09-14 00:02:02', '2020-09-18 05:29:15'),
		(344, 1, 2, '2020-09-14 00:03:54', '2020-09-18 05:32:28'),
		(345, 1, 0, '2020-09-14 00:05:20', '2020-09-17 22:29:51'),
		(346, 1, 1, '2020-09-14 00:10:41', '2020-09-14 00:12:44'),
		(347, 1, 15, '2020-09-14 00:11:39', '2020-09-14 00:13:36'),
		(348, 1, 0, '2020-09-14 03:25:45', '2020-09-18 05:33:01'),
		(349, 1, 0, '2020-09-14 03:28:26', '2020-09-17 23:04:02'),
		(350, 1, 9, '2020-09-14 03:31:31', '2020-09-14 03:38:07'),
		(351, 1, 0, '2020-09-14 03:44:13', '2020-09-17 23:04:59'),
		(352, 1, 0, '2020-09-14 06:49:45', '2020-09-14 06:50:16'),
		(353, 1, 0, '2020-09-14 14:19:31', '2020-09-14 14:19:31'),
		(354, 1, 0, '2020-09-14 14:27:16', '2020-09-14 14:27:16'),
		(355, 1, 0, '2020-09-14 14:41:42', '2020-09-14 14:41:42'),
		(356, 1, 27, '2020-09-14 22:42:34', '2020-09-14 22:57:56'),
		(357, 1, 0, '2020-09-14 22:43:23', '2020-09-14 22:43:23'),
		(358, 1, 0, '2020-09-14 22:44:59', '2020-09-14 22:44:59'),
		(359, 1, 1, '2020-09-14 22:45:42', '2020-09-17 21:51:05'),
		(360, 1, 0, '2020-09-14 22:46:37', '2020-09-18 05:39:24'),
		(361, 1, 0, '2020-09-14 22:47:02', '2020-09-14 22:47:02'),
		(362, 1, 0, '2020-09-14 22:47:43', '2020-09-14 22:47:43'),
		(363, 1, 0, '2020-09-14 22:48:24', '2020-09-19 00:45:33'),
		(364, 1, 0, '2020-09-14 22:50:29', '2020-09-18 20:45:17'),
		(365, 1, 0, '2020-09-14 22:51:56', '2020-09-14 22:51:56'),
		(366, 1, 0, '2020-09-14 22:53:32', '2020-09-14 22:53:32'),
		(367, 1, 0, '2020-09-14 22:54:20', '2020-09-14 22:54:20'),
		(368, 1, 0, '2020-09-14 22:55:55', '2020-09-18 05:37:36'),
		(370, 1, 0, '2020-09-17 22:47:48', '2020-09-17 23:06:34'),
		(371, 1, 14, '2020-09-17 22:51:19', '2020-09-18 05:25:53'),
		(372, 1, 0, '2020-09-17 22:52:25', '2020-09-18 05:28:00'),
		(373, 1, 4, '2020-09-17 22:56:00', '2020-09-18 05:28:45'),
		(374, 1, 0, '2020-09-17 22:59:16', '2020-09-18 05:30:02'),
		(375, 1, 1, '2020-09-17 23:00:15', '2020-09-17 23:00:15'),
		(376, 1, 0, '2020-09-17 23:02:23', '2020-09-18 05:30:30'),
		(377, 1, 1, '2020-09-17 23:09:08', '2020-09-17 23:09:08'),
		(378, 1, 0, '2020-09-17 23:11:52', '2020-09-18 05:31:34'),
		(379, 1, 0, '2020-09-17 23:12:30', '2020-09-18 05:32:02'),
		(380, 1, 5, '2020-09-17 23:28:36', '2020-09-17 23:29:37'),
		(381, 1, 1, '2020-09-17 23:30:27', '2020-09-18 05:34:52'),
		(382, 1, 0, '2020-09-17 23:33:50', '2020-09-17 23:33:50'),
		(383, 1, 3, '2020-09-17 23:35:36', '2020-09-17 23:35:36'),
		(384, 1, 4, '2020-09-17 23:48:59', '2020-09-17 23:48:59'),
		(385, 1, 2, '2020-09-17 23:56:10', '2020-09-17 23:56:10'),
		(386, 1, 1, '2020-09-17 23:59:35', '2020-09-17 23:59:35'),
		(387, 1, 0, '2020-09-18 00:05:35', '2020-09-18 00:05:35'),
		(388, 1, 0, '2020-09-18 00:06:11', '2020-09-18 05:37:06'),
		(389, 1, 5, '2020-09-18 00:07:33', '2020-09-18 00:07:33'),
		(390, 1, 0, '2020-09-18 05:24:03', '2020-09-18 05:24:35'),
		(391, 1, 2, '2020-09-18 20:31:19', '2020-09-18 20:31:19'),
		(392, 1, 3, '2020-09-18 20:32:18', '2020-09-18 20:32:18'),
		(393, 1, 4, '2020-09-18 20:36:12', '2020-09-18 20:36:12'),
		(395, 1, 0, '2020-09-18 20:47:26', '2020-09-18 20:47:26'),
		(396, 1, 3, '2020-09-18 21:36:45', '2020-09-18 21:36:45'),
		(397, 1, 9, '2020-09-18 21:40:24', '2020-09-18 21:40:24'),
		(398, 1, 2, '2020-09-18 21:52:44', '2020-09-18 21:52:44'),
		(399, 1, 0, '2020-09-18 22:00:08', '2020-09-18 22:00:08'),
		(400, 1, 1, '2020-09-19 00:12:27', '2020-09-19 00:12:27'),
		(401, 1, 36, '2020-09-19 00:16:58', '2020-09-19 00:16:58'),
		(402, 1, 1, '2020-09-19 00:18:55', '2020-09-19 00:18:55'),
		(403, 1, 3, '2020-09-19 00:22:15', '2020-09-19 00:22:15'),
		(404, 1, 3, '2020-09-19 00:36:57', '2020-09-19 00:36:57'),
		(405, 1, 1, '2020-09-19 00:47:10', '2020-09-19 00:47:10'),
		(406, 1, 1, '2020-09-19 00:56:38', '2020-09-19 00:56:38');

-- --------------------------------------------------------

--
-- Dumping data for table `selling_deals`
--

	INSERT INTO `selling_deals` (`id`, `trader_id`, `container_id`, `content_id`, `container_count`, `container_price`, `total_containers_price`, `total_paid`, `total_unpaid`, `bets`, `created_at`, `updated_at`) VALUES
		(1, 11, 1, 1, 35, 30.00, 1050.00, 0.00, 1050.00, 0.00, '2020-09-13 23:06:22', '2020-09-13 23:06:22'),
		(2, 266, 1, 1, 8, 30.00, 240.00, 0.00, 240.00, 0.00, '2020-09-13 23:08:45', '2020-09-13 23:08:45'),
		(3, 24, 1, 1, 3, 30.00, 90.00, 0.00, 90.00, 0.00, '2020-09-13 23:17:24', '2020-09-13 23:17:24'),
		(4, 25, 1, 1, 3, 30.00, 90.00, 0.00, 90.00, 0.00, '2020-09-13 23:18:07', '2020-09-13 23:18:07'),
		(5, 2, 1, 1, 10, 30.00, 300.00, 0.00, 300.00, 0.00, '2020-09-13 23:19:17', '2020-09-13 23:19:17'),
		(6, 15, 1, 1, 2, 35.00, 70.00, 0.00, 70.00, 0.00, '2020-09-13 23:19:45', '2020-09-13 23:19:45'),
		(7, 271, 1, 1, 5, 30.00, 150.00, 0.00, 150.00, 0.00, '2020-09-13 23:20:15', '2020-09-13 23:20:15'),
		(8, 147, 1, 1, 3, 30.00, 90.00, 0.00, 90.00, 0.00, '2020-09-13 23:20:47', '2020-09-13 23:20:47'),
		(9, 9, 1, 1, 10, 30.00, 300.00, 0.00, 300.00, 0.00, '2020-09-13 23:21:28', '2020-09-13 23:21:28'),
		(11, 34, 1, 1, 10, 30.00, 300.00, 0.00, 300.00, 0.00, '2020-09-13 23:22:55', '2020-09-13 23:22:55'),
		(12, 19, 1, 1, 1, 35.00, 35.00, 0.00, 35.00, 0.00, '2020-09-13 23:23:53', '2020-09-13 23:23:53'),
		(13, 334, 1, 1, 17, 30.00, 510.00, 0.00, 510.00, 0.00, '2020-09-13 23:25:42', '2020-09-13 23:25:42'),
		(14, 254, 1, 1, 5, 35.00, 175.00, 0.00, 175.00, 0.00, '2020-09-13 23:27:06', '2020-09-13 23:27:06'),
		(15, 335, 1, 1, 2, 30.00, 60.00, 60.00, 0.00, 0.00, '2020-09-13 23:29:20', '2020-09-13 23:29:20'),
		(16, 336, 1, 1, 5, 30.00, 150.00, 0.00, 150.00, 0.00, '2020-09-13 23:31:49', '2020-09-13 23:31:49'),
		(17, 18, 1, 1, 1, 30.00, 30.00, 0.00, 30.00, 0.00, '2020-09-13 23:32:49', '2020-09-13 23:32:49'),
		(18, 337, 1, 1, 2, 30.00, 60.00, 60.00, 0.00, 0.00, '2020-09-13 23:34:32', '2020-09-13 23:34:32'),
		(19, 36, 1, 1, 5, 30.00, 150.00, 0.00, 150.00, 0.00, '2020-09-13 23:35:07', '2020-09-13 23:35:07'),
		(20, 285, 1, 1, 7, 30.00, 210.00, 0.00, 210.00, 0.00, '2020-09-13 23:36:14', '2020-09-13 23:36:14'),
		(21, 188, 1, 1, 2, 30.00, 60.00, 0.00, 60.00, 0.00, '2020-09-13 23:37:07', '2020-09-13 23:37:07'),
		(22, 338, 1, 1, 1, 30.00, 30.00, 30.00, 0.00, 0.00, '2020-09-13 23:39:43', '2020-09-13 23:39:43'),
		(23, 339, 1, 1, 2, 30.00, 60.00, 60.00, 0.00, 0.00, '2020-09-13 23:40:17', '2020-09-13 23:40:17'),
		(24, 30, 1, 1, 9, 30.00, 270.00, 0.00, 270.00, 0.00, '2020-09-13 23:41:16', '2020-09-13 23:41:16'),
		(25, 281, 1, 1, 11, 30.00, 330.00, 0.00, 330.00, 0.00, '2020-09-13 23:42:21', '2020-09-13 23:42:21'),
		(26, 10, 1, 1, 3, 30.00, 90.00, 0.00, 90.00, 0.00, '2020-09-13 23:43:28', '2020-09-13 23:43:28'),
		(27, 31, 1, 1, 12, 28.00, 336.00, 0.00, 336.00, 0.00, '2020-09-13 23:51:49', '2020-09-13 23:51:49'),
		(29, 341, 1, 1, 1, 35.00, 35.00, 35.00, 0.00, 20.00, '2020-09-13 23:55:27', '2020-09-13 23:55:27'),
		(30, 310, 1, 1, 1, 35.00, 35.00, 0.00, 35.00, 0.00, '2020-09-13 23:58:05', '2020-09-13 23:58:05'),
		(31, 341, 1, 1, 2, 35.00, 70.00, 7.00, 63.00, 40.00, '2020-09-13 23:58:56', '2020-09-13 23:58:56'),
		(32, 342, 1, 1, 5, 30.00, 150.00, 150.00, 0.00, 0.00, '2020-09-14 00:00:51', '2020-09-14 00:00:51'),
		(33, 343, 1, 1, 5, 30.00, 150.00, 0.00, 150.00, 0.00, '2020-09-14 00:06:58', '2020-09-14 00:06:58'),
		(34, 345, 1, 1, 5, 28.00, 140.00, 0.00, 140.00, 0.00, '2020-09-14 00:07:39', '2020-09-14 00:07:39'),
		(35, 344, 1, 1, 5, 25.00, 125.00, 0.00, 125.00, 0.00, '2020-09-14 00:09:23', '2020-09-14 00:09:23'),
		(36, 346, 1, 1, 1, 30.00, 30.00, 30.00, 0.00, 0.00, '2020-09-14 00:12:44', '2020-09-14 00:12:44'),
		(37, 347, 1, 1, 15, 25.00, 375.00, 0.00, 375.00, 0.00, '2020-09-14 00:13:36', '2020-09-14 00:13:36'),
		(38, 348, 1, 1, 6, 25.00, 150.00, 0.00, 150.00, 0.00, '2020-09-14 03:33:03', '2020-09-14 03:33:03'),
		(39, 349, 1, 1, 6, 30.00, 180.00, 0.00, 180.00, 0.00, '2020-09-14 03:36:14', '2020-09-14 03:36:14'),
		(40, 341, 1, 1, 1, 35.00, 35.00, 35.00, 0.00, 20.00, '2020-09-14 03:36:56', '2020-09-14 03:36:56'),
		(41, 350, 1, 1, 9, 27.00, 243.00, 0.00, 243.00, 0.00, '2020-09-14 03:38:07', '2020-09-14 03:38:07'),
		(42, 123, 1, 1, 3, 30.00, 90.00, 0.00, 90.00, 0.00, '2020-09-14 03:38:46', '2020-09-14 03:38:46'),
		(43, 268, 1, 1, 4, 25.00, 100.00, 0.00, 100.00, 0.00, '2020-09-14 03:42:02', '2020-09-14 03:42:02'),
		(44, 14, 1, 1, 5, 28.00, 140.00, 0.00, 140.00, 0.00, '2020-09-14 03:42:47', '2020-09-14 03:42:47'),
		(45, 351, 1, 1, 11, 25.00, 275.00, 0.00, 275.00, 0.00, '2020-09-14 03:44:51', '2020-09-14 03:44:51'),
		(46, 356, 1, 1, 4, 45.00, 180.00, 0.00, 180.00, 0.00, '2020-09-14 22:57:33', '2020-09-14 22:57:33'),
		(47, 356, 1, 1, 23, 40.00, 920.00, 0.00, 920.00, 0.00, '2020-09-14 22:57:56', '2020-09-14 22:57:56'),
		(48, 142, 1, 1, 3, 50.00, 150.00, 0.00, 150.00, 0.00, '2020-09-14 22:58:50', '2020-09-14 22:58:50'),
		(49, 341, 1, 1, 3, 45.00, 135.00, 135.00, 0.00, 65.00, '2020-09-14 23:01:20', '2020-09-14 23:01:20'),
		(50, 341, 1, 1, 1, 45.00, 45.00, 45.00, 0.00, 20.00, '2020-09-14 23:01:51', '2020-09-14 23:01:51'),
		(51, 3, 1, 1, 32, 40.00, 1280.00, 0.00, 1280.00, 0.00, '2020-09-14 23:03:11', '2020-09-14 23:03:11'),
		(52, 183, 1, 1, 2, 50.00, 100.00, 0.00, 100.00, 0.00, '2020-09-14 23:04:33', '2020-09-14 23:04:33'),
		(53, 263, 1, 1, 201, 20.00, 4020.00, 0.00, 4020.00, 0.00, '2020-09-17 21:45:22', '2020-09-17 21:45:22'),
		(54, 341, 1, 1, 20, 20.00, 400.00, 0.00, 400.00, 0.00, '2020-10-14 00:19:04', '2020-10-14 00:19:04'),
		(55, 341, 1, 1, 10, 10.00, 100.00, 0.00, 100.00, 0.00, '2020-10-14 00:19:53', '2020-10-14 00:19:53');

-- --------------------------------------------------------